"키","파일","구울크기","그릴크기","갈래","이름","프롬프트"
"chr_hero_field","assets/sprites/characters/hero_field.png","192x256","48x64","들판 그림","용사","A sword-and-shield hero knight — the player character of this game, an adventurer. 3/4 top-down view as seen in a JRPG overworld, the character standing and facing the camera-left, feet touching the very bottom edge of the canvas, head near the top with a small margin. Subject fully isolated on a pure flat #00FF00 background (nothing else in frame), so the background can be keyed out to transparent. Do not crop any part of the subject. Whole body in frame, symmetrical readable silhouette, no motion blur. Flat vector game art, hand-painted storybook look, soft cel shading with two or three tone steps per surface, NO black outlines, NO gradients across the whole image, NO photorealism, NO 3D render, NO pixel art dithering. Warm saturated fantasy palette anchored on: grass #49a34a, deep leaf #3f9642, wood #8b5a2b, dark wood #6b4423, stone #8f97ab, cold stone #b7bfd0, water #7cc4ff, pale sky #cfe4ff, gold #ffd166, pale gold #ffe9a8, ember #c98a5c, arcane #c58cff, shadow #2a0c08. Clean readable silhouette that still reads at 1/4 size. Even ambient light from above, no cast shadow on the ground unless asked."
"chr_hero_battle","assets/sprites/characters/hero_battle.png","768x1024","192x256","전투 그림","용사","A sword-and-shield hero knight — the player character of this game, an adventurer. Side view battle portrait, full body, standing in an idle ready stance and FACING LEFT (the enemy is off-frame to the left). Feet touch the very bottom edge of the canvas, head near the top. Subject fully isolated on a pure flat #00FF00 background (nothing else in frame), so the background can be keyed out to transparent. Do not crop any part of the subject. Dramatic but still, no motion lines. Flat vector game art, hand-painted storybook look, soft cel shading with two or three tone steps per surface, NO black outlines, NO gradients across the whole image, NO photorealism, NO 3D render, NO pixel art dithering. Warm saturated fantasy palette anchored on: grass #49a34a, deep leaf #3f9642, wood #8b5a2b, dark wood #6b4423, stone #8f97ab, cold stone #b7bfd0, water #7cc4ff, pale sky #cfe4ff, gold #ffd166, pale gold #ffe9a8, ember #c98a5c, arcane #c58cff, shadow #2a0c08. Clean readable silhouette that still reads at 1/4 size. Even ambient light from above, no cast shadow on the ground unless asked."
"chr_admin_field","assets/sprites/characters/admin_field.png","192x256","48x64","들판 그림","운영자","A game master in dark robes — the player character of this game, an adventurer. 3/4 top-down view as seen in a JRPG overworld, the character standing and facing the camera-left, feet touching the very bottom edge of the canvas, head near the top with a small margin. Subject fully isolated on a pure flat #00FF00 background (nothing else in frame), so the background can be keyed out to transparent. Do not crop any part of the subject. Whole body in frame, symmetrical readable silhouette, no motion blur. Flat vector game art, hand-painted storybook look, soft cel shading with two or three tone steps per surface, NO black outlines, NO gradients across the whole image, NO photorealism, NO 3D render, NO pixel art dithering. Warm saturated fantasy palette anchored on: grass #49a34a, deep leaf #3f9642, wood #8b5a2b, dark wood #6b4423, stone #8f97ab, cold stone #b7bfd0, water #7cc4ff, pale sky #cfe4ff, gold #ffd166, pale gold #ffe9a8, ember #c98a5c, arcane #c58cff, shadow #2a0c08. Clean readable silhouette that still reads at 1/4 size. Even ambient light from above, no cast shadow on the ground unless asked."
"chr_admin_battle","assets/sprites/characters/admin_battle.png","768x1024","192x256","전투 그림","운영자","A game master in dark robes — the player character of this game, an adventurer. Side view battle portrait, full body, standing in an idle ready stance and FACING LEFT (the enemy is off-frame to the left). Feet touch the very bottom edge of the canvas, head near the top. Subject fully isolated on a pure flat #00FF00 background (nothing else in frame), so the background can be keyed out to transparent. Do not crop any part of the subject. Dramatic but still, no motion lines. Flat vector game art, hand-painted storybook look, soft cel shading with two or three tone steps per surface, NO black outlines, NO gradients across the whole image, NO photorealism, NO 3D render, NO pixel art dithering. Warm saturated fantasy palette anchored on: grass #49a34a, deep leaf #3f9642, wood #8b5a2b, dark wood #6b4423, stone #8f97ab, cold stone #b7bfd0, water #7cc4ff, pale sky #cfe4ff, gold #ffd166, pale gold #ffe9a8, ember #c98a5c, arcane #c58cff, shadow #2a0c08. Clean readable silhouette that still reads at 1/4 size. Even ambient light from above, no cast shadow on the ground unless asked."
"npc_shopkeeper","assets/sprites/npc/shopkeeper.png","192x256","60x80","마을 사람","상인","A shopkeeper, one of the townsfolk of a small medieval fantasy town. 3/4 top-down view, full body, standing still and facing the camera, feet at the very bottom edge of the canvas. Subject fully isolated on a pure flat #00FF00 background (nothing else in frame), so the background can be keyed out to transparent. Do not crop any part of the subject. Friendly readable silhouette; the clothing colour is what players recognise them by, so keep one strong signature colour. Flat vector game art, hand-painted storybook look, soft cel shading with two or three tone steps per surface, NO black outlines, NO gradients across the whole image, NO photorealism, NO 3D render, NO pixel art dithering. Warm saturated fantasy palette anchored on: grass #49a34a, deep leaf #3f9642, wood #8b5a2b, dark wood #6b4423, stone #8f97ab, cold stone #b7bfd0, water #7cc4ff, pale sky #cfe4ff, gold #ffd166, pale gold #ffe9a8, ember #c98a5c, arcane #c58cff, shadow #2a0c08. Clean readable silhouette that still reads at 1/4 size. Even ambient light from above, no cast shadow on the ground unless asked."
"npc_blacksmith","assets/sprites/npc/blacksmith.png","192x256","60x80","마을 사람","대장장이","A blacksmith, one of the townsfolk of a small medieval fantasy town. 3/4 top-down view, full body, standing still and facing the camera, feet at the very bottom edge of the canvas. Subject fully isolated on a pure flat #00FF00 background (nothing else in frame), so the background can be keyed out to transparent. Do not crop any part of the subject. Friendly readable silhouette; the clothing colour is what players recognise them by, so keep one strong signature colour. Flat vector game art, hand-painted storybook look, soft cel shading with two or three tone steps per surface, NO black outlines, NO gradients across the whole image, NO photorealism, NO 3D render, NO pixel art dithering. Warm saturated fantasy palette anchored on: grass #49a34a, deep leaf #3f9642, wood #8b5a2b, dark wood #6b4423, stone #8f97ab, cold stone #b7bfd0, water #7cc4ff, pale sky #cfe4ff, gold #ffd166, pale gold #ffe9a8, ember #c98a5c, arcane #c58cff, shadow #2a0c08. Clean readable silhouette that still reads at 1/4 size. Even ambient light from above, no cast shadow on the ground unless asked."
"npc_innkeeper","assets/sprites/npc/innkeeper.png","192x256","60x80","마을 사람","여관주인","An innkeeper, one of the townsfolk of a small medieval fantasy town. 3/4 top-down view, full body, standing still and facing the camera, feet at the very bottom edge of the canvas. Subject fully isolated on a pure flat #00FF00 background (nothing else in frame), so the background can be keyed out to transparent. Do not crop any part of the subject. Friendly readable silhouette; the clothing colour is what players recognise them by, so keep one strong signature colour. Flat vector game art, hand-painted storybook look, soft cel shading with two or three tone steps per surface, NO black outlines, NO gradients across the whole image, NO photorealism, NO 3D render, NO pixel art dithering. Warm saturated fantasy palette anchored on: grass #49a34a, deep leaf #3f9642, wood #8b5a2b, dark wood #6b4423, stone #8f97ab, cold stone #b7bfd0, water #7cc4ff, pale sky #cfe4ff, gold #ffd166, pale gold #ffe9a8, ember #c98a5c, arcane #c58cff, shadow #2a0c08. Clean readable silhouette that still reads at 1/4 size. Even ambient light from above, no cast shadow on the ground unless asked."
"npc_villager","assets/sprites/npc/villager.png","192x256","60x80","마을 사람","주민","A townsfolk villager, one of the townsfolk of a small medieval fantasy town. 3/4 top-down view, full body, standing still and facing the camera, feet at the very bottom edge of the canvas. Subject fully isolated on a pure flat #00FF00 background (nothing else in frame), so the background can be keyed out to transparent. Do not crop any part of the subject. Friendly readable silhouette; the clothing colour is what players recognise them by, so keep one strong signature colour. Flat vector game art, hand-painted storybook look, soft cel shading with two or three tone steps per surface, NO black outlines, NO gradients across the whole image, NO photorealism, NO 3D render, NO pixel art dithering. Warm saturated fantasy palette anchored on: grass #49a34a, deep leaf #3f9642, wood #8b5a2b, dark wood #6b4423, stone #8f97ab, cold stone #b7bfd0, water #7cc4ff, pale sky #cfe4ff, gold #ffd166, pale gold #ffe9a8, ember #c98a5c, arcane #c58cff, shadow #2a0c08. Clean readable silhouette that still reads at 1/4 size. Even ambient light from above, no cast shadow on the ground unless asked."
"npc_elder","assets/sprites/npc/elder.png","192x256","60x80","마을 사람","촌장","A village elder, one of the townsfolk of a small medieval fantasy town. 3/4 top-down view, full body, standing still and facing the camera, feet at the very bottom edge of the canvas. Subject fully isolated on a pure flat #00FF00 background (nothing else in frame), so the background can be keyed out to transparent. Do not crop any part of the subject. Friendly readable silhouette; the clothing colour is what players recognise them by, so keep one strong signature colour. Flat vector game art, hand-painted storybook look, soft cel shading with two or three tone steps per surface, NO black outlines, NO gradients across the whole image, NO photorealism, NO 3D render, NO pixel art dithering. Warm saturated fantasy palette anchored on: grass #49a34a, deep leaf #3f9642, wood #8b5a2b, dark wood #6b4423, stone #8f97ab, cold stone #b7bfd0, water #7cc4ff, pale sky #cfe4ff, gold #ffd166, pale gold #ffe9a8, ember #c98a5c, arcane #c58cff, shadow #2a0c08. Clean readable silhouette that still reads at 1/4 size. Even ambient light from above, no cast shadow on the ground unless asked."
"npc_gambler","assets/sprites/npc/gambler.png","192x256","60x80","마을 사람","보석 노인","An old gem gambler, one of the townsfolk of a small medieval fantasy town. 3/4 top-down view, full body, standing still and facing the camera, feet at the very bottom edge of the canvas. Subject fully isolated on a pure flat #00FF00 background (nothing else in frame), so the background can be keyed out to transparent. Do not crop any part of the subject. Friendly readable silhouette; the clothing colour is what players recognise them by, so keep one strong signature colour. Flat vector game art, hand-painted storybook look, soft cel shading with two or three tone steps per surface, NO black outlines, NO gradients across the whole image, NO photorealism, NO 3D render, NO pixel art dithering. Warm saturated fantasy palette anchored on: grass #49a34a, deep leaf #3f9642, wood #8b5a2b, dark wood #6b4423, stone #8f97ab, cold stone #b7bfd0, water #7cc4ff, pale sky #cfe4ff, gold #ffd166, pale gold #ffe9a8, ember #c98a5c, arcane #c58cff, shadow #2a0c08. Clean readable silhouette that still reads at 1/4 size. Even ambient light from above, no cast shadow on the ground unless asked."
"npc_kid","assets/sprites/npc/kid.png","192x256","60x80","마을 사람","아이","A village child, one of the townsfolk of a small medieval fantasy town. 3/4 top-down view, full body, standing still and facing the camera, feet at the very bottom edge of the canvas. Subject fully isolated on a pure flat #00FF00 background (nothing else in frame), so the background can be keyed out to transparent. Do not crop any part of the subject. Friendly readable silhouette; the clothing colour is what players recognise them by, so keep one strong signature colour. Flat vector game art, hand-painted storybook look, soft cel shading with two or three tone steps per surface, NO black outlines, NO gradients across the whole image, NO photorealism, NO 3D render, NO pixel art dithering. Warm saturated fantasy palette anchored on: grass #49a34a, deep leaf #3f9642, wood #8b5a2b, dark wood #6b4423, stone #8f97ab, cold stone #b7bfd0, water #7cc4ff, pale sky #cfe4ff, gold #ffd166, pale gold #ffe9a8, ember #c98a5c, arcane #c58cff, shadow #2a0c08. Clean readable silhouette that still reads at 1/4 size. Even ambient light from above, no cast shadow on the ground unless asked."
"npc_guard","assets/sprites/npc/guard.png","192x256","60x80","마을 사람","위병","A town gate guard, one of the townsfolk of a small medieval fantasy town. 3/4 top-down view, full body, standing still and facing the camera, feet at the very bottom edge of the canvas. Subject fully isolated on a pure flat #00FF00 background (nothing else in frame), so the background can be keyed out to transparent. Do not crop any part of the subject. Friendly readable silhouette; the clothing colour is what players recognise them by, so keep one strong signature colour. Flat vector game art, hand-painted storybook look, soft cel shading with two or three tone steps per surface, NO black outlines, NO gradients across the whole image, NO photorealism, NO 3D render, NO pixel art dithering. Warm saturated fantasy palette anchored on: grass #49a34a, deep leaf #3f9642, wood #8b5a2b, dark wood #6b4423, stone #8f97ab, cold stone #b7bfd0, water #7cc4ff, pale sky #cfe4ff, gold #ffd166, pale gold #ffe9a8, ember #c98a5c, arcane #c58cff, shadow #2a0c08. Clean readable silhouette that still reads at 1/4 size. Even ambient light from above, no cast shadow on the ground unless asked."
"npc_king","assets/sprites/npc/king.png","192x256","60x80","마을 사람","국왕","A king, one of the townsfolk of a small medieval fantasy town. 3/4 top-down view, full body, standing still and facing the camera, feet at the very bottom edge of the canvas. Subject fully isolated on a pure flat #00FF00 background (nothing else in frame), so the background can be keyed out to transparent. Do not crop any part of the subject. Friendly readable silhouette; the clothing colour is what players recognise them by, so keep one strong signature colour. Flat vector game art, hand-painted storybook look, soft cel shading with two or three tone steps per surface, NO black outlines, NO gradients across the whole image, NO photorealism, NO 3D render, NO pixel art dithering. Warm saturated fantasy palette anchored on: grass #49a34a, deep leaf #3f9642, wood #8b5a2b, dark wood #6b4423, stone #8f97ab, cold stone #b7bfd0, water #7cc4ff, pale sky #cfe4ff, gold #ffd166, pale gold #ffe9a8, ember #c98a5c, arcane #c58cff, shadow #2a0c08. Clean readable silhouette that still reads at 1/4 size. Even ambient light from above, no cast shadow on the ground unless asked."
"mon_slime_field","assets/sprites/monsters/slime_field.png","256x256","64x64","들판 그림","슬라임","A slime — a fantasy RPG monster, a level 1 creature. 3/4 top-down view as seen in a JRPG overworld, the character standing and facing the camera-left, feet touching the very bottom edge of the canvas, head near the top with a small margin. Subject fully isolated on a pure flat #00FF00 background (nothing else in frame), so the background can be keyed out to transparent. Do not crop any part of the subject. Whole body in frame, symmetrical readable silhouette, no motion blur. Flat vector game art, hand-painted storybook look, soft cel shading with two or three tone steps per surface, NO black outlines, NO gradients across the whole image, NO photorealism, NO 3D render, NO pixel art dithering. Warm saturated fantasy palette anchored on: grass #49a34a, deep leaf #3f9642, wood #8b5a2b, dark wood #6b4423, stone #8f97ab, cold stone #b7bfd0, water #7cc4ff, pale sky #cfe4ff, gold #ffd166, pale gold #ffe9a8, ember #c98a5c, arcane #c58cff, shadow #2a0c08. Clean readable silhouette that still reads at 1/4 size. Even ambient light from above, no cast shadow on the ground unless asked."
"mon_slime_battle","assets/sprites/monsters/slime_battle.png","512x512","256x256","전투 그림","슬라임","A slime — a fantasy RPG monster, a level 1 creature. Side view battle portrait, full body, standing in an idle ready stance and FACING LEFT (the enemy is off-frame to the left). Feet touch the very bottom edge of the canvas, head near the top. Subject fully isolated on a pure flat #00FF00 background (nothing else in frame), so the background can be keyed out to transparent. Do not crop any part of the subject. Dramatic but still, no motion lines. Flat vector game art, hand-painted storybook look, soft cel shading with two or three tone steps per surface, NO black outlines, NO gradients across the whole image, NO photorealism, NO 3D render, NO pixel art dithering. Warm saturated fantasy palette anchored on: grass #49a34a, deep leaf #3f9642, wood #8b5a2b, dark wood #6b4423, stone #8f97ab, cold stone #b7bfd0, water #7cc4ff, pale sky #cfe4ff, gold #ffd166, pale gold #ffe9a8, ember #c98a5c, arcane #c58cff, shadow #2a0c08. Clean readable silhouette that still reads at 1/4 size. Even ambient light from above, no cast shadow on the ground unless asked."
"mon_bat_field","assets/sprites/monsters/bat_field.png","256x256","64x64","들판 그림","박쥐","A bat — a fantasy RPG monster, a level 3 creature. 3/4 top-down view as seen in a JRPG overworld, the character standing and facing the camera-left, feet touching the very bottom edge of the canvas, head near the top with a small margin. Subject fully isolated on a pure flat #00FF00 background (nothing else in frame), so the background can be keyed out to transparent. Do not crop any part of the subject. Whole body in frame, symmetrical readable silhouette, no motion blur. Flat vector game art, hand-painted storybook look, soft cel shading with two or three tone steps per surface, NO black outlines, NO gradients across the whole image, NO photorealism, NO 3D render, NO pixel art dithering. Warm saturated fantasy palette anchored on: grass #49a34a, deep leaf #3f9642, wood #8b5a2b, dark wood #6b4423, stone #8f97ab, cold stone #b7bfd0, water #7cc4ff, pale sky #cfe4ff, gold #ffd166, pale gold #ffe9a8, ember #c98a5c, arcane #c58cff, shadow #2a0c08. Clean readable silhouette that still reads at 1/4 size. Even ambient light from above, no cast shadow on the ground unless asked."
"mon_bat_battle","assets/sprites/monsters/bat_battle.png","512x512","256x256","전투 그림","박쥐","A bat — a fantasy RPG monster, a level 3 creature. Side view battle portrait, full body, standing in an idle ready stance and FACING LEFT (the enemy is off-frame to the left). Feet touch the very bottom edge of the canvas, head near the top. Subject fully isolated on a pure flat #00FF00 background (nothing else in frame), so the background can be keyed out to transparent. Do not crop any part of the subject. Dramatic but still, no motion lines. Flat vector game art, hand-painted storybook look, soft cel shading with two or three tone steps per surface, NO black outlines, NO gradients across the whole image, NO photorealism, NO 3D render, NO pixel art dithering. Warm saturated fantasy palette anchored on: grass #49a34a, deep leaf #3f9642, wood #8b5a2b, dark wood #6b4423, stone #8f97ab, cold stone #b7bfd0, water #7cc4ff, pale sky #cfe4ff, gold #ffd166, pale gold #ffe9a8, ember #c98a5c, arcane #c58cff, shadow #2a0c08. Clean readable silhouette that still reads at 1/4 size. Even ambient light from above, no cast shadow on the ground unless asked."
"mon_mushroom_field","assets/sprites/monsters/mushroom_field.png","256x256","64x64","들판 그림","버섯","A mushroom — a fantasy RPG monster, a level 9 creature. 3/4 top-down view as seen in a JRPG overworld, the character standing and facing the camera-left, feet touching the very bottom edge of the canvas, head near the top with a small margin. Subject fully isolated on a pure flat #00FF00 background (nothing else in frame), so the background can be keyed out to transparent. Do not crop any part of the subject. Whole body in frame, symmetrical readable silhouette, no motion blur. Flat vector game art, hand-painted storybook look, soft cel shading with two or three tone steps per surface, NO black outlines, NO gradients across the whole image, NO photorealism, NO 3D render, NO pixel art dithering. Warm saturated fantasy palette anchored on: grass #49a34a, deep leaf #3f9642, wood #8b5a2b, dark wood #6b4423, stone #8f97ab, cold stone #b7bfd0, water #7cc4ff, pale sky #cfe4ff, gold #ffd166, pale gold #ffe9a8, ember #c98a5c, arcane #c58cff, shadow #2a0c08. Clean readable silhouette that still reads at 1/4 size. Even ambient light from above, no cast shadow on the ground unless asked."
"mon_mushroom_battle","assets/sprites/monsters/mushroom_battle.png","512x512","256x256","전투 그림","버섯","A mushroom — a fantasy RPG monster, a level 9 creature. Side view battle portrait, full body, standing in an idle ready stance and FACING LEFT (the enemy is off-frame to the left). Feet touch the very bottom edge of the canvas, head near the top. Subject fully isolated on a pure flat #00FF00 background (nothing else in frame), so the background can be keyed out to transparent. Do not crop any part of the subject. Dramatic but still, no motion lines. Flat vector game art, hand-painted storybook look, soft cel shading with two or three tone steps per surface, NO black outlines, NO gradients across the whole image, NO photorealism, NO 3D render, NO pixel art dithering. Warm saturated fantasy palette anchored on: grass #49a34a, deep leaf #3f9642, wood #8b5a2b, dark wood #6b4423, stone #8f97ab, cold stone #b7bfd0, water #7cc4ff, pale sky #cfe4ff, gold #ffd166, pale gold #ffe9a8, ember #c98a5c, arcane #c58cff, shadow #2a0c08. Clean readable silhouette that still reads at 1/4 size. Even ambient light from above, no cast shadow on the ground unless asked."
"mon_wolf_field","assets/sprites/monsters/wolf_field.png","256x256","64x64","들판 그림","늑대","A wolf — a fantasy RPG monster, a level 6 creature. 3/4 top-down view as seen in a JRPG overworld, the character standing and facing the camera-left, feet touching the very bottom edge of the canvas, head near the top with a small margin. Subject fully isolated on a pure flat #00FF00 background (nothing else in frame), so the background can be keyed out to transparent. Do not crop any part of the subject. Whole body in frame, symmetrical readable silhouette, no motion blur. Flat vector game art, hand-painted storybook look, soft cel shading with two or three tone steps per surface, NO black outlines, NO gradients across the whole image, NO photorealism, NO 3D render, NO pixel art dithering. Warm saturated fantasy palette anchored on: grass #49a34a, deep leaf #3f9642, wood #8b5a2b, dark wood #6b4423, stone #8f97ab, cold stone #b7bfd0, water #7cc4ff, pale sky #cfe4ff, gold #ffd166, pale gold #ffe9a8, ember #c98a5c, arcane #c58cff, shadow #2a0c08. Clean readable silhouette that still reads at 1/4 size. Even ambient light from above, no cast shadow on the ground unless asked."
"mon_wolf_battle","assets/sprites/monsters/wolf_battle.png","512x512","256x256","전투 그림","늑대","A wolf — a fantasy RPG monster, a level 6 creature. Side view battle portrait, full body, standing in an idle ready stance and FACING LEFT (the enemy is off-frame to the left). Feet touch the very bottom edge of the canvas, head near the top. Subject fully isolated on a pure flat #00FF00 background (nothing else in frame), so the background can be keyed out to transparent. Do not crop any part of the subject. Dramatic but still, no motion lines. Flat vector game art, hand-painted storybook look, soft cel shading with two or three tone steps per surface, NO black outlines, NO gradients across the whole image, NO photorealism, NO 3D render, NO pixel art dithering. Warm saturated fantasy palette anchored on: grass #49a34a, deep leaf #3f9642, wood #8b5a2b, dark wood #6b4423, stone #8f97ab, cold stone #b7bfd0, water #7cc4ff, pale sky #cfe4ff, gold #ffd166, pale gold #ffe9a8, ember #c98a5c, arcane #c58cff, shadow #2a0c08. Clean readable silhouette that still reads at 1/4 size. Even ambient light from above, no cast shadow on the ground unless asked."
"mon_imp_field","assets/sprites/monsters/imp_field.png","256x256","64x64","들판 그림","꼬마악마","An imp — a fantasy RPG monster, a level 13 creature that casts spells. 3/4 top-down view as seen in a JRPG overworld, the character standing and facing the camera-left, feet touching the very bottom edge of the canvas, head near the top with a small margin. Subject fully isolated on a pure flat #00FF00 background (nothing else in frame), so the background can be keyed out to transparent. Do not crop any part of the subject. Whole body in frame, symmetrical readable silhouette, no motion blur. Flat vector game art, hand-painted storybook look, soft cel shading with two or three tone steps per surface, NO black outlines, NO gradients across the whole image, NO photorealism, NO 3D render, NO pixel art dithering. Warm saturated fantasy palette anchored on: grass #49a34a, deep leaf #3f9642, wood #8b5a2b, dark wood #6b4423, stone #8f97ab, cold stone #b7bfd0, water #7cc4ff, pale sky #cfe4ff, gold #ffd166, pale gold #ffe9a8, ember #c98a5c, arcane #c58cff, shadow #2a0c08. Clean readable silhouette that still reads at 1/4 size. Even ambient light from above, no cast shadow on the ground unless asked."
"mon_imp_battle","assets/sprites/monsters/imp_battle.png","512x512","256x256","전투 그림","꼬마악마","An imp — a fantasy RPG monster, a level 13 creature that casts spells. Side view battle portrait, full body, standing in an idle ready stance and FACING LEFT (the enemy is off-frame to the left). Feet touch the very bottom edge of the canvas, head near the top. Subject fully isolated on a pure flat #00FF00 background (nothing else in frame), so the background can be keyed out to transparent. Do not crop any part of the subject. Dramatic but still, no motion lines. Flat vector game art, hand-painted storybook look, soft cel shading with two or three tone steps per surface, NO black outlines, NO gradients across the whole image, NO photorealism, NO 3D render, NO pixel art dithering. Warm saturated fantasy palette anchored on: grass #49a34a, deep leaf #3f9642, wood #8b5a2b, dark wood #6b4423, stone #8f97ab, cold stone #b7bfd0, water #7cc4ff, pale sky #cfe4ff, gold #ffd166, pale gold #ffe9a8, ember #c98a5c, arcane #c58cff, shadow #2a0c08. Clean readable silhouette that still reads at 1/4 size. Even ambient light from above, no cast shadow on the ground unless asked."
"mon_skeleton_field","assets/sprites/monsters/skeleton_field.png","256x256","64x64","들판 그림","해골","A skeleton — a fantasy RPG monster, a level 17 creature. 3/4 top-down view as seen in a JRPG overworld, the character standing and facing the camera-left, feet touching the very bottom edge of the canvas, head near the top with a small margin. Subject fully isolated on a pure flat #00FF00 background (nothing else in frame), so the background can be keyed out to transparent. Do not crop any part of the subject. Whole body in frame, symmetrical readable silhouette, no motion blur. Flat vector game art, hand-painted storybook look, soft cel shading with two or three tone steps per surface, NO black outlines, NO gradients across the whole image, NO photorealism, NO 3D render, NO pixel art dithering. Warm saturated fantasy palette anchored on: grass #49a34a, deep leaf #3f9642, wood #8b5a2b, dark wood #6b4423, stone #8f97ab, cold stone #b7bfd0, water #7cc4ff, pale sky #cfe4ff, gold #ffd166, pale gold #ffe9a8, ember #c98a5c, arcane #c58cff, shadow #2a0c08. Clean readable silhouette that still reads at 1/4 size. Even ambient light from above, no cast shadow on the ground unless asked."
"mon_skeleton_battle","assets/sprites/monsters/skeleton_battle.png","512x512","256x256","전투 그림","해골","A skeleton — a fantasy RPG monster, a level 17 creature. Side view battle portrait, full body, standing in an idle ready stance and FACING LEFT (the enemy is off-frame to the left). Feet touch the very bottom edge of the canvas, head near the top. Subject fully isolated on a pure flat #00FF00 background (nothing else in frame), so the background can be keyed out to transparent. Do not crop any part of the subject. Dramatic but still, no motion lines. Flat vector game art, hand-painted storybook look, soft cel shading with two or three tone steps per surface, NO black outlines, NO gradients across the whole image, NO photorealism, NO 3D render, NO pixel art dithering. Warm saturated fantasy palette anchored on: grass #49a34a, deep leaf #3f9642, wood #8b5a2b, dark wood #6b4423, stone #8f97ab, cold stone #b7bfd0, water #7cc4ff, pale sky #cfe4ff, gold #ffd166, pale gold #ffe9a8, ember #c98a5c, arcane #c58cff, shadow #2a0c08. Clean readable silhouette that still reads at 1/4 size. Even ambient light from above, no cast shadow on the ground unless asked."
"mon_demon_soldier_field","assets/sprites/monsters/demon_soldier_field.png","256x256","64x64","들판 그림","악마병사","A demon soldier — a fantasy RPG monster, a level 21 creature. 3/4 top-down view as seen in a JRPG overworld, the character standing and facing the camera-left, feet touching the very bottom edge of the canvas, head near the top with a small margin. Subject fully isolated on a pure flat #00FF00 background (nothing else in frame), so the background can be keyed out to transparent. Do not crop any part of the subject. Whole body in frame, symmetrical readable silhouette, no motion blur. Flat vector game art, hand-painted storybook look, soft cel shading with two or three tone steps per surface, NO black outlines, NO gradients across the whole image, NO photorealism, NO 3D render, NO pixel art dithering. Warm saturated fantasy palette anchored on: grass #49a34a, deep leaf #3f9642, wood #8b5a2b, dark wood #6b4423, stone #8f97ab, cold stone #b7bfd0, water #7cc4ff, pale sky #cfe4ff, gold #ffd166, pale gold #ffe9a8, ember #c98a5c, arcane #c58cff, shadow #2a0c08. Clean readable silhouette that still reads at 1/4 size. Even ambient light from above, no cast shadow on the ground unless asked."
"mon_demon_soldier_battle","assets/sprites/monsters/demon_soldier_battle.png","512x512","256x256","전투 그림","악마병사","A demon soldier — a fantasy RPG monster, a level 21 creature. Side view battle portrait, full body, standing in an idle ready stance and FACING LEFT (the enemy is off-frame to the left). Feet touch the very bottom edge of the canvas, head near the top. Subject fully isolated on a pure flat #00FF00 background (nothing else in frame), so the background can be keyed out to transparent. Do not crop any part of the subject. Dramatic but still, no motion lines. Flat vector game art, hand-painted storybook look, soft cel shading with two or three tone steps per surface, NO black outlines, NO gradients across the whole image, NO photorealism, NO 3D render, NO pixel art dithering. Warm saturated fantasy palette anchored on: grass #49a34a, deep leaf #3f9642, wood #8b5a2b, dark wood #6b4423, stone #8f97ab, cold stone #b7bfd0, water #7cc4ff, pale sky #cfe4ff, gold #ffd166, pale gold #ffe9a8, ember #c98a5c, arcane #c58cff, shadow #2a0c08. Clean readable silhouette that still reads at 1/4 size. Even ambient light from above, no cast shadow on the ground unless asked."
"mon_imp_captain_field","assets/sprites/monsters/imp_captain_field.png","256x256","64x64","들판 그림","정찰대장","An imp scout captain — a fantasy RPG monster, a level 15 creature that casts spells. 3/4 top-down view as seen in a JRPG overworld, the character standing and facing the camera-left, feet touching the very bottom edge of the canvas, head near the top with a small margin. Subject fully isolated on a pure flat #00FF00 background (nothing else in frame), so the background can be keyed out to transparent. Do not crop any part of the subject. Whole body in frame, symmetrical readable silhouette, no motion blur. Flat vector game art, hand-painted storybook look, soft cel shading with two or three tone steps per surface, NO black outlines, NO gradients across the whole image, NO photorealism, NO 3D render, NO pixel art dithering. Warm saturated fantasy palette anchored on: grass #49a34a, deep leaf #3f9642, wood #8b5a2b, dark wood #6b4423, stone #8f97ab, cold stone #b7bfd0, water #7cc4ff, pale sky #cfe4ff, gold #ffd166, pale gold #ffe9a8, ember #c98a5c, arcane #c58cff, shadow #2a0c08. Clean readable silhouette that still reads at 1/4 size. Even ambient light from above, no cast shadow on the ground unless asked."
"mon_imp_captain_battle","assets/sprites/monsters/imp_captain_battle.png","512x512","256x256","전투 그림","정찰대장","An imp scout captain — a fantasy RPG monster, a level 15 creature that casts spells. Side view battle portrait, full body, standing in an idle ready stance and FACING LEFT (the enemy is off-frame to the left). Feet touch the very bottom edge of the canvas, head near the top. Subject fully isolated on a pure flat #00FF00 background (nothing else in frame), so the background can be keyed out to transparent. Do not crop any part of the subject. Dramatic but still, no motion lines. Flat vector game art, hand-painted storybook look, soft cel shading with two or three tone steps per surface, NO black outlines, NO gradients across the whole image, NO photorealism, NO 3D render, NO pixel art dithering. Warm saturated fantasy palette anchored on: grass #49a34a, deep leaf #3f9642, wood #8b5a2b, dark wood #6b4423, stone #8f97ab, cold stone #b7bfd0, water #7cc4ff, pale sky #cfe4ff, gold #ffd166, pale gold #ffe9a8, ember #c98a5c, arcane #c58cff, shadow #2a0c08. Clean readable silhouette that still reads at 1/4 size. Even ambient light from above, no cast shadow on the ground unless asked."
"mon_demon_general_field","assets/sprites/monsters/demon_general_field.png","256x256","64x64","들판 그림","악마장군","A demon general warlord — a fantasy RPG monster, a level 30 creature that casts spells. 3/4 top-down view as seen in a JRPG overworld, the character standing and facing the camera-left, feet touching the very bottom edge of the canvas, head near the top with a small margin. Subject fully isolated on a pure flat #00FF00 background (nothing else in frame), so the background can be keyed out to transparent. Do not crop any part of the subject. Whole body in frame, symmetrical readable silhouette, no motion blur. Flat vector game art, hand-painted storybook look, soft cel shading with two or three tone steps per surface, NO black outlines, NO gradients across the whole image, NO photorealism, NO 3D render, NO pixel art dithering. Warm saturated fantasy palette anchored on: grass #49a34a, deep leaf #3f9642, wood #8b5a2b, dark wood #6b4423, stone #8f97ab, cold stone #b7bfd0, water #7cc4ff, pale sky #cfe4ff, gold #ffd166, pale gold #ffe9a8, ember #c98a5c, arcane #c58cff, shadow #2a0c08. Clean readable silhouette that still reads at 1/4 size. Even ambient light from above, no cast shadow on the ground unless asked."
"mon_demon_general_battle","assets/sprites/monsters/demon_general_battle.png","512x512","256x256","전투 그림","악마장군","A demon general warlord — a fantasy RPG monster, a level 30 creature that casts spells. Side view battle portrait, full body, standing in an idle ready stance and FACING LEFT (the enemy is off-frame to the left). Feet touch the very bottom edge of the canvas, head near the top. Subject fully isolated on a pure flat #00FF00 background (nothing else in frame), so the background can be keyed out to transparent. Do not crop any part of the subject. Dramatic but still, no motion lines. Flat vector game art, hand-painted storybook look, soft cel shading with two or three tone steps per surface, NO black outlines, NO gradients across the whole image, NO photorealism, NO 3D render, NO pixel art dithering. Warm saturated fantasy palette anchored on: grass #49a34a, deep leaf #3f9642, wood #8b5a2b, dark wood #6b4423, stone #8f97ab, cold stone #b7bfd0, water #7cc4ff, pale sky #cfe4ff, gold #ffd166, pale gold #ffe9a8, ember #c98a5c, arcane #c58cff, shadow #2a0c08. Clean readable silhouette that still reads at 1/4 size. Even ambient light from above, no cast shadow on the ground unless asked."
"tile_grass","assets/tiles/grass.png","64x64","32x32","바닥 타일(이어 붙음)","풀","lush short meadow grass, scattered blades and a few tiny clover leaves. Seamless repeating floor tile, straight top-down view (camera exactly overhead). The image fills the entire canvas edge to edge with no border, no frame, no margin. ⚠ CRITICAL: the tile is laid in a 40x32 grid, so it must tile seamlessly — left edge must continue into the right edge and top into bottom. ABSOLUTELY NO directional light (no brighter-top/darker-bottom), NO vignette, NO border or outline on any edge, NO single big feature in the centre. Keep the base colour perfectly flat and put all variation into small scattered speckles and marks that do not touch the edges. Flat vector game art, hand-painted storybook look, soft cel shading with two or three tone steps per surface, NO black outlines, NO gradients across the whole image, NO photorealism, NO 3D render, NO pixel art dithering. Warm saturated fantasy palette anchored on: grass #49a34a, deep leaf #3f9642, wood #8b5a2b, dark wood #6b4423, stone #8f97ab, cold stone #b7bfd0, water #7cc4ff, pale sky #cfe4ff, gold #ffd166, pale gold #ffe9a8, ember #c98a5c, arcane #c58cff, shadow #2a0c08. Clean readable silhouette that still reads at 1/4 size. Even ambient light from above, no cast shadow on the ground unless asked."
"tile_path","assets/tiles/path.png","64x64","32x32","바닥 타일(이어 붙음)","길","packed dry dirt path, warm brown, fine grit. Seamless repeating floor tile, straight top-down view (camera exactly overhead). The image fills the entire canvas edge to edge with no border, no frame, no margin. ⚠ CRITICAL: the tile is laid in a 40x32 grid, so it must tile seamlessly — left edge must continue into the right edge and top into bottom. ABSOLUTELY NO directional light (no brighter-top/darker-bottom), NO vignette, NO border or outline on any edge, NO single big feature in the centre. Keep the base colour perfectly flat and put all variation into small scattered speckles and marks that do not touch the edges. Flat vector game art, hand-painted storybook look, soft cel shading with two or three tone steps per surface, NO black outlines, NO gradients across the whole image, NO photorealism, NO 3D render, NO pixel art dithering. Warm saturated fantasy palette anchored on: grass #49a34a, deep leaf #3f9642, wood #8b5a2b, dark wood #6b4423, stone #8f97ab, cold stone #b7bfd0, water #7cc4ff, pale sky #cfe4ff, gold #ffd166, pale gold #ffe9a8, ember #c98a5c, arcane #c58cff, shadow #2a0c08. Clean readable silhouette that still reads at 1/4 size. Even ambient light from above, no cast shadow on the ground unless asked."
"tile_tree","assets/tiles/tree.png","64x64","32x32","얹는 타일","나무","a small round-canopy broadleaf tree seen from above-behind. Single object drawn small and centred, seen from a 3/4 top-down angle. Subject fully isolated on a pure flat #00FF00 background (nothing else in frame), so the background can be keyed out to transparent. Do not crop any part of the subject. The outer edge of the object must be ragged and irregular (not a filled square), because this is layered on top of a ground tile and the ground shows through around it. No ground, no grass, no base plate underneath. Flat vector game art, hand-painted storybook look, soft cel shading with two or three tone steps per surface, NO black outlines, NO gradients across the whole image, NO photorealism, NO 3D render, NO pixel art dithering. Warm saturated fantasy palette anchored on: grass #49a34a, deep leaf #3f9642, wood #8b5a2b, dark wood #6b4423, stone #8f97ab, cold stone #b7bfd0, water #7cc4ff, pale sky #cfe4ff, gold #ffd166, pale gold #ffe9a8, ember #c98a5c, arcane #c58cff, shadow #2a0c08. Clean readable silhouette that still reads at 1/4 size. Even ambient light from above, no cast shadow on the ground unless asked."
"tile_rock","assets/tiles/rock.png","64x64","32x32","얹는 타일","바위","a grey weathered boulder. Single object drawn small and centred, seen from a 3/4 top-down angle. Subject fully isolated on a pure flat #00FF00 background (nothing else in frame), so the background can be keyed out to transparent. Do not crop any part of the subject. The outer edge of the object must be ragged and irregular (not a filled square), because this is layered on top of a ground tile and the ground shows through around it. No ground, no grass, no base plate underneath. Flat vector game art, hand-painted storybook look, soft cel shading with two or three tone steps per surface, NO black outlines, NO gradients across the whole image, NO photorealism, NO 3D render, NO pixel art dithering. Warm saturated fantasy palette anchored on: grass #49a34a, deep leaf #3f9642, wood #8b5a2b, dark wood #6b4423, stone #8f97ab, cold stone #b7bfd0, water #7cc4ff, pale sky #cfe4ff, gold #ffd166, pale gold #ffe9a8, ember #c98a5c, arcane #c58cff, shadow #2a0c08. Clean readable silhouette that still reads at 1/4 size. Even ambient light from above, no cast shadow on the ground unless asked."
"tile_water","assets/tiles/water.png","64x64","32x32","바닥 타일(이어 붙음)","물","calm shallow fresh water, gentle ripples. Seamless repeating floor tile, straight top-down view (camera exactly overhead). The image fills the entire canvas edge to edge with no border, no frame, no margin. ⚠ CRITICAL: the tile is laid in a 40x32 grid, so it must tile seamlessly — left edge must continue into the right edge and top into bottom. ABSOLUTELY NO directional light (no brighter-top/darker-bottom), NO vignette, NO border or outline on any edge, NO single big feature in the centre. Keep the base colour perfectly flat and put all variation into small scattered speckles and marks that do not touch the edges. Flat vector game art, hand-painted storybook look, soft cel shading with two or three tone steps per surface, NO black outlines, NO gradients across the whole image, NO photorealism, NO 3D render, NO pixel art dithering. Warm saturated fantasy palette anchored on: grass #49a34a, deep leaf #3f9642, wood #8b5a2b, dark wood #6b4423, stone #8f97ab, cold stone #b7bfd0, water #7cc4ff, pale sky #cfe4ff, gold #ffd166, pale gold #ffe9a8, ember #c98a5c, arcane #c58cff, shadow #2a0c08. Clean readable silhouette that still reads at 1/4 size. Even ambient light from above, no cast shadow on the ground unless asked."
"tile_flower","assets/tiles/flower.png","64x64","32x32","얹는 타일","꽃","a small patch of wildflowers in white, yellow and pink. Single object drawn small and centred, seen from a 3/4 top-down angle. Subject fully isolated on a pure flat #00FF00 background (nothing else in frame), so the background can be keyed out to transparent. Do not crop any part of the subject. The outer edge of the object must be ragged and irregular (not a filled square), because this is layered on top of a ground tile and the ground shows through around it. No ground, no grass, no base plate underneath. Flat vector game art, hand-painted storybook look, soft cel shading with two or three tone steps per surface, NO black outlines, NO gradients across the whole image, NO photorealism, NO 3D render, NO pixel art dithering. Warm saturated fantasy palette anchored on: grass #49a34a, deep leaf #3f9642, wood #8b5a2b, dark wood #6b4423, stone #8f97ab, cold stone #b7bfd0, water #7cc4ff, pale sky #cfe4ff, gold #ffd166, pale gold #ffe9a8, ember #c98a5c, arcane #c58cff, shadow #2a0c08. Clean readable silhouette that still reads at 1/4 size. Even ambient light from above, no cast shadow on the ground unless asked."
"tile_brick","assets/tiles/brick.png","64x64","32x32","바닥 타일(이어 붙음)","석판","fitted grey flagstone paving. Seamless repeating floor tile, straight top-down view (camera exactly overhead). The image fills the entire canvas edge to edge with no border, no frame, no margin. ⚠ CRITICAL: the tile is laid in a 40x32 grid, so it must tile seamlessly — left edge must continue into the right edge and top into bottom. ABSOLUTELY NO directional light (no brighter-top/darker-bottom), NO vignette, NO border or outline on any edge, NO single big feature in the centre. Keep the base colour perfectly flat and put all variation into small scattered speckles and marks that do not touch the edges. Flat vector game art, hand-painted storybook look, soft cel shading with two or three tone steps per surface, NO black outlines, NO gradients across the whole image, NO photorealism, NO 3D render, NO pixel art dithering. Warm saturated fantasy palette anchored on: grass #49a34a, deep leaf #3f9642, wood #8b5a2b, dark wood #6b4423, stone #8f97ab, cold stone #b7bfd0, water #7cc4ff, pale sky #cfe4ff, gold #ffd166, pale gold #ffe9a8, ember #c98a5c, arcane #c58cff, shadow #2a0c08. Clean readable silhouette that still reads at 1/4 size. Even ambient light from above, no cast shadow on the ground unless asked."
"tile_house_wall","assets/tiles/house_wall.png","64x64","32x32","바닥 타일(이어 붙음)","벽","plastered cottage wall with exposed timber framing. Seamless repeating floor tile, straight top-down view (camera exactly overhead). The image fills the entire canvas edge to edge with no border, no frame, no margin. ⚠ CRITICAL: the tile is laid in a 40x32 grid, so it must tile seamlessly — left edge must continue into the right edge and top into bottom. ABSOLUTELY NO directional light (no brighter-top/darker-bottom), NO vignette, NO border or outline on any edge, NO single big feature in the centre. Keep the base colour perfectly flat and put all variation into small scattered speckles and marks that do not touch the edges. Flat vector game art, hand-painted storybook look, soft cel shading with two or three tone steps per surface, NO black outlines, NO gradients across the whole image, NO photorealism, NO 3D render, NO pixel art dithering. Warm saturated fantasy palette anchored on: grass #49a34a, deep leaf #3f9642, wood #8b5a2b, dark wood #6b4423, stone #8f97ab, cold stone #b7bfd0, water #7cc4ff, pale sky #cfe4ff, gold #ffd166, pale gold #ffe9a8, ember #c98a5c, arcane #c58cff, shadow #2a0c08. Clean readable silhouette that still reads at 1/4 size. Even ambient light from above, no cast shadow on the ground unless asked."
"tile_house_roof","assets/tiles/house_roof.png","64x64","32x32","바닥 타일(이어 붙음)","지붕","terracotta roof tiles laid in rows. Seamless repeating floor tile, straight top-down view (camera exactly overhead). The image fills the entire canvas edge to edge with no border, no frame, no margin. ⚠ CRITICAL: the tile is laid in a 40x32 grid, so it must tile seamlessly — left edge must continue into the right edge and top into bottom. ABSOLUTELY NO directional light (no brighter-top/darker-bottom), NO vignette, NO border or outline on any edge, NO single big feature in the centre. Keep the base colour perfectly flat and put all variation into small scattered speckles and marks that do not touch the edges. Flat vector game art, hand-painted storybook look, soft cel shading with two or three tone steps per surface, NO black outlines, NO gradients across the whole image, NO photorealism, NO 3D render, NO pixel art dithering. Warm saturated fantasy palette anchored on: grass #49a34a, deep leaf #3f9642, wood #8b5a2b, dark wood #6b4423, stone #8f97ab, cold stone #b7bfd0, water #7cc4ff, pale sky #cfe4ff, gold #ffd166, pale gold #ffe9a8, ember #c98a5c, arcane #c58cff, shadow #2a0c08. Clean readable silhouette that still reads at 1/4 size. Even ambient light from above, no cast shadow on the ground unless asked."
"tile_door","assets/tiles/door.png","64x64","32x32","얹는 타일","문","a sturdy wooden cottage door with iron hinges. Single object drawn small and centred, seen from a 3/4 top-down angle. Subject fully isolated on a pure flat #00FF00 background (nothing else in frame), so the background can be keyed out to transparent. Do not crop any part of the subject. The outer edge of the object must be ragged and irregular (not a filled square), because this is layered on top of a ground tile and the ground shows through around it. No ground, no grass, no base plate underneath. Flat vector game art, hand-painted storybook look, soft cel shading with two or three tone steps per surface, NO black outlines, NO gradients across the whole image, NO photorealism, NO 3D render, NO pixel art dithering. Warm saturated fantasy palette anchored on: grass #49a34a, deep leaf #3f9642, wood #8b5a2b, dark wood #6b4423, stone #8f97ab, cold stone #b7bfd0, water #7cc4ff, pale sky #cfe4ff, gold #ffd166, pale gold #ffe9a8, ember #c98a5c, arcane #c58cff, shadow #2a0c08. Clean readable silhouette that still reads at 1/4 size. Even ambient light from above, no cast shadow on the ground unless asked."
"tile_castle_wall","assets/tiles/castle_wall.png","64x64","32x32","바닥 타일(이어 붙음)","성벽","dressed pale stone castle masonry. Seamless repeating floor tile, straight top-down view (camera exactly overhead). The image fills the entire canvas edge to edge with no border, no frame, no margin. ⚠ CRITICAL: the tile is laid in a 40x32 grid, so it must tile seamlessly — left edge must continue into the right edge and top into bottom. ABSOLUTELY NO directional light (no brighter-top/darker-bottom), NO vignette, NO border or outline on any edge, NO single big feature in the centre. Keep the base colour perfectly flat and put all variation into small scattered speckles and marks that do not touch the edges. Flat vector game art, hand-painted storybook look, soft cel shading with two or three tone steps per surface, NO black outlines, NO gradients across the whole image, NO photorealism, NO 3D render, NO pixel art dithering. Warm saturated fantasy palette anchored on: grass #49a34a, deep leaf #3f9642, wood #8b5a2b, dark wood #6b4423, stone #8f97ab, cold stone #b7bfd0, water #7cc4ff, pale sky #cfe4ff, gold #ffd166, pale gold #ffe9a8, ember #c98a5c, arcane #c58cff, shadow #2a0c08. Clean readable silhouette that still reads at 1/4 size. Even ambient light from above, no cast shadow on the ground unless asked."
"tile_castle_top","assets/tiles/castle_top.png","64x64","32x32","바닥 타일(이어 붙음)","성벽","the crenellated top course of a castle wall. Seamless repeating floor tile, straight top-down view (camera exactly overhead). The image fills the entire canvas edge to edge with no border, no frame, no margin. ⚠ CRITICAL: the tile is laid in a 40x32 grid, so it must tile seamlessly — left edge must continue into the right edge and top into bottom. ABSOLUTELY NO directional light (no brighter-top/darker-bottom), NO vignette, NO border or outline on any edge, NO single big feature in the centre. Keep the base colour perfectly flat and put all variation into small scattered speckles and marks that do not touch the edges. Flat vector game art, hand-painted storybook look, soft cel shading with two or three tone steps per surface, NO black outlines, NO gradients across the whole image, NO photorealism, NO 3D render, NO pixel art dithering. Warm saturated fantasy palette anchored on: grass #49a34a, deep leaf #3f9642, wood #8b5a2b, dark wood #6b4423, stone #8f97ab, cold stone #b7bfd0, water #7cc4ff, pale sky #cfe4ff, gold #ffd166, pale gold #ffe9a8, ember #c98a5c, arcane #c58cff, shadow #2a0c08. Clean readable silhouette that still reads at 1/4 size. Even ambient light from above, no cast shadow on the ground unless asked."
"tile_castle_gate","assets/tiles/castle_gate.png","64x64","32x32","얹는 타일","성문","a heavy iron-banded castle gate. Single object drawn small and centred, seen from a 3/4 top-down angle. Subject fully isolated on a pure flat #00FF00 background (nothing else in frame), so the background can be keyed out to transparent. Do not crop any part of the subject. The outer edge of the object must be ragged and irregular (not a filled square), because this is layered on top of a ground tile and the ground shows through around it. No ground, no grass, no base plate underneath. Flat vector game art, hand-painted storybook look, soft cel shading with two or three tone steps per surface, NO black outlines, NO gradients across the whole image, NO photorealism, NO 3D render, NO pixel art dithering. Warm saturated fantasy palette anchored on: grass #49a34a, deep leaf #3f9642, wood #8b5a2b, dark wood #6b4423, stone #8f97ab, cold stone #b7bfd0, water #7cc4ff, pale sky #cfe4ff, gold #ffd166, pale gold #ffe9a8, ember #c98a5c, arcane #c58cff, shadow #2a0c08. Clean readable silhouette that still reads at 1/4 size. Even ambient light from above, no cast shadow on the ground unless asked."
"tile_castle_floor","assets/tiles/castle_floor.png","64x64","32x32","바닥 타일(이어 붙음)","바닥","polished pale stone hall flooring. Seamless repeating floor tile, straight top-down view (camera exactly overhead). The image fills the entire canvas edge to edge with no border, no frame, no margin. ⚠ CRITICAL: the tile is laid in a 40x32 grid, so it must tile seamlessly — left edge must continue into the right edge and top into bottom. ABSOLUTELY NO directional light (no brighter-top/darker-bottom), NO vignette, NO border or outline on any edge, NO single big feature in the centre. Keep the base colour perfectly flat and put all variation into small scattered speckles and marks that do not touch the edges. Flat vector game art, hand-painted storybook look, soft cel shading with two or three tone steps per surface, NO black outlines, NO gradients across the whole image, NO photorealism, NO 3D render, NO pixel art dithering. Warm saturated fantasy palette anchored on: grass #49a34a, deep leaf #3f9642, wood #8b5a2b, dark wood #6b4423, stone #8f97ab, cold stone #b7bfd0, water #7cc4ff, pale sky #cfe4ff, gold #ffd166, pale gold #ffe9a8, ember #c98a5c, arcane #c58cff, shadow #2a0c08. Clean readable silhouette that still reads at 1/4 size. Even ambient light from above, no cast shadow on the ground unless asked."
"tile_fence","assets/tiles/fence.png","64x64","32x32","얹는 타일","울타리","a low wooden picket fence running left to right. Single object drawn small and centred, seen from a 3/4 top-down angle. Subject fully isolated on a pure flat #00FF00 background (nothing else in frame), so the background can be keyed out to transparent. Do not crop any part of the subject. The outer edge of the object must be ragged and irregular (not a filled square), because this is layered on top of a ground tile and the ground shows through around it. No ground, no grass, no base plate underneath. Flat vector game art, hand-painted storybook look, soft cel shading with two or three tone steps per surface, NO black outlines, NO gradients across the whole image, NO photorealism, NO 3D render, NO pixel art dithering. Warm saturated fantasy palette anchored on: grass #49a34a, deep leaf #3f9642, wood #8b5a2b, dark wood #6b4423, stone #8f97ab, cold stone #b7bfd0, water #7cc4ff, pale sky #cfe4ff, gold #ffd166, pale gold #ffe9a8, ember #c98a5c, arcane #c58cff, shadow #2a0c08. Clean readable silhouette that still reads at 1/4 size. Even ambient light from above, no cast shadow on the ground unless asked."
"tile_gate_exit","assets/tiles/gate_exit.png","64x64","32x32","얹는 타일","출구","a stone archway marking the way out of town. Single object drawn small and centred, seen from a 3/4 top-down angle. Subject fully isolated on a pure flat #00FF00 background (nothing else in frame), so the background can be keyed out to transparent. Do not crop any part of the subject. The outer edge of the object must be ragged and irregular (not a filled square), because this is layered on top of a ground tile and the ground shows through around it. No ground, no grass, no base plate underneath. Flat vector game art, hand-painted storybook look, soft cel shading with two or three tone steps per surface, NO black outlines, NO gradients across the whole image, NO photorealism, NO 3D render, NO pixel art dithering. Warm saturated fantasy palette anchored on: grass #49a34a, deep leaf #3f9642, wood #8b5a2b, dark wood #6b4423, stone #8f97ab, cold stone #b7bfd0, water #7cc4ff, pale sky #cfe4ff, gold #ffd166, pale gold #ffe9a8, ember #c98a5c, arcane #c58cff, shadow #2a0c08. Clean readable silhouette that still reads at 1/4 size. Even ambient light from above, no cast shadow on the ground unless asked."
"tile_signpost","assets/tiles/signpost.png","64x64","32x32","얹는 타일","표지판","a wooden signpost with a blank board. Single object drawn small and centred, seen from a 3/4 top-down angle. Subject fully isolated on a pure flat #00FF00 background (nothing else in frame), so the background can be keyed out to transparent. Do not crop any part of the subject. The outer edge of the object must be ragged and irregular (not a filled square), because this is layered on top of a ground tile and the ground shows through around it. No ground, no grass, no base plate underneath. Flat vector game art, hand-painted storybook look, soft cel shading with two or three tone steps per surface, NO black outlines, NO gradients across the whole image, NO photorealism, NO 3D render, NO pixel art dithering. Warm saturated fantasy palette anchored on: grass #49a34a, deep leaf #3f9642, wood #8b5a2b, dark wood #6b4423, stone #8f97ab, cold stone #b7bfd0, water #7cc4ff, pale sky #cfe4ff, gold #ffd166, pale gold #ffe9a8, ember #c98a5c, arcane #c58cff, shadow #2a0c08. Clean readable silhouette that still reads at 1/4 size. Even ambient light from above, no cast shadow on the ground unless asked."
"tile_sign_item","assets/tiles/sign_item.png","64x64","32x32","얹는 타일","잡화점 간판","a hanging shop sign showing a potion bottle. Single object drawn small and centred, seen from a 3/4 top-down angle. Subject fully isolated on a pure flat #00FF00 background (nothing else in frame), so the background can be keyed out to transparent. Do not crop any part of the subject. The outer edge of the object must be ragged and irregular (not a filled square), because this is layered on top of a ground tile and the ground shows through around it. No ground, no grass, no base plate underneath. Flat vector game art, hand-painted storybook look, soft cel shading with two or three tone steps per surface, NO black outlines, NO gradients across the whole image, NO photorealism, NO 3D render, NO pixel art dithering. Warm saturated fantasy palette anchored on: grass #49a34a, deep leaf #3f9642, wood #8b5a2b, dark wood #6b4423, stone #8f97ab, cold stone #b7bfd0, water #7cc4ff, pale sky #cfe4ff, gold #ffd166, pale gold #ffe9a8, ember #c98a5c, arcane #c58cff, shadow #2a0c08. Clean readable silhouette that still reads at 1/4 size. Even ambient light from above, no cast shadow on the ground unless asked."
"tile_sign_weapon","assets/tiles/sign_weapon.png","64x64","32x32","얹는 타일","대장간 간판","a hanging shop sign showing a crossed sword and hammer. Single object drawn small and centred, seen from a 3/4 top-down angle. Subject fully isolated on a pure flat #00FF00 background (nothing else in frame), so the background can be keyed out to transparent. Do not crop any part of the subject. The outer edge of the object must be ragged and irregular (not a filled square), because this is layered on top of a ground tile and the ground shows through around it. No ground, no grass, no base plate underneath. Flat vector game art, hand-painted storybook look, soft cel shading with two or three tone steps per surface, NO black outlines, NO gradients across the whole image, NO photorealism, NO 3D render, NO pixel art dithering. Warm saturated fantasy palette anchored on: grass #49a34a, deep leaf #3f9642, wood #8b5a2b, dark wood #6b4423, stone #8f97ab, cold stone #b7bfd0, water #7cc4ff, pale sky #cfe4ff, gold #ffd166, pale gold #ffe9a8, ember #c98a5c, arcane #c58cff, shadow #2a0c08. Clean readable silhouette that still reads at 1/4 size. Even ambient light from above, no cast shadow on the ground unless asked."
"tile_sign_alchemy","assets/tiles/sign_alchemy.png","64x64","32x32","얹는 타일","연금술사 간판","a hanging shop sign showing a bubbling flask. Single object drawn small and centred, seen from a 3/4 top-down angle. Subject fully isolated on a pure flat #00FF00 background (nothing else in frame), so the background can be keyed out to transparent. Do not crop any part of the subject. The outer edge of the object must be ragged and irregular (not a filled square), because this is layered on top of a ground tile and the ground shows through around it. No ground, no grass, no base plate underneath. Flat vector game art, hand-painted storybook look, soft cel shading with two or three tone steps per surface, NO black outlines, NO gradients across the whole image, NO photorealism, NO 3D render, NO pixel art dithering. Warm saturated fantasy palette anchored on: grass #49a34a, deep leaf #3f9642, wood #8b5a2b, dark wood #6b4423, stone #8f97ab, cold stone #b7bfd0, water #7cc4ff, pale sky #cfe4ff, gold #ffd166, pale gold #ffe9a8, ember #c98a5c, arcane #c58cff, shadow #2a0c08. Clean readable silhouette that still reads at 1/4 size. Even ambient light from above, no cast shadow on the ground unless asked."
"tile_sign_inn","assets/tiles/sign_inn.png","64x64","32x32","얹는 타일","여관 간판","a hanging shop sign showing a bed and a mug. Single object drawn small and centred, seen from a 3/4 top-down angle. Subject fully isolated on a pure flat #00FF00 background (nothing else in frame), so the background can be keyed out to transparent. Do not crop any part of the subject. The outer edge of the object must be ragged and irregular (not a filled square), because this is layered on top of a ground tile and the ground shows through around it. No ground, no grass, no base plate underneath. Flat vector game art, hand-painted storybook look, soft cel shading with two or three tone steps per surface, NO black outlines, NO gradients across the whole image, NO photorealism, NO 3D render, NO pixel art dithering. Warm saturated fantasy palette anchored on: grass #49a34a, deep leaf #3f9642, wood #8b5a2b, dark wood #6b4423, stone #8f97ab, cold stone #b7bfd0, water #7cc4ff, pale sky #cfe4ff, gold #ffd166, pale gold #ffe9a8, ember #c98a5c, arcane #c58cff, shadow #2a0c08. Clean readable silhouette that still reads at 1/4 size. Even ambient light from above, no cast shadow on the ground unless asked."
"bg_battle_field","assets/ui/battle_bg_field.png","1280x960","640x480","전투 배경","전투 배경","a grassy field on the edge of a forest under an open sky, distant hills. Wide battle backdrop painted as scenery only — no characters, no creatures, no UI. The image fills the entire canvas edge to edge with no border, no frame, no margin. The bottom third is the ground the fighters stand on and must stay uncluttered and low-contrast; the interesting shapes belong in the upper two thirds. Slightly desaturated so that sprites drawn on top of it stand out. Flat vector game art, hand-painted storybook look, soft cel shading with two or three tone steps per surface, NO black outlines, NO gradients across the whole image, NO photorealism, NO 3D render, NO pixel art dithering. Warm saturated fantasy palette anchored on: grass #49a34a, deep leaf #3f9642, wood #8b5a2b, dark wood #6b4423, stone #8f97ab, cold stone #b7bfd0, water #7cc4ff, pale sky #cfe4ff, gold #ffd166, pale gold #ffe9a8, ember #c98a5c, arcane #c58cff, shadow #2a0c08. Clean readable silhouette that still reads at 1/4 size. Even ambient light from above, no cast shadow on the ground unless asked."
"item_wooden_sword","assets/ui/items/wooden_sword.png","128x128","64x64","물건 아이콘","나무검","A wooden sword (weapon) — plain everyday craftsmanship, muted colours, no gems. Single game inventory icon, one object only, floating centred with a small even margin on all four sides, seen from a slight 3/4 angle. Subject fully isolated on a pure flat #00FF00 background (nothing else in frame), so the background can be keyed out to transparent. Do not crop any part of the subject. No hand holding it, no pedestal, no text, no rarity frame, no glow border. It must still be recognisable shrunk to 1/4 size, so keep the silhouette simple and the local colour strong. Flat vector game art, hand-painted storybook look, soft cel shading with two or three tone steps per surface, NO black outlines, NO gradients across the whole image, NO photorealism, NO 3D render, NO pixel art dithering. Warm saturated fantasy palette anchored on: grass #49a34a, deep leaf #3f9642, wood #8b5a2b, dark wood #6b4423, stone #8f97ab, cold stone #b7bfd0, water #7cc4ff, pale sky #cfe4ff, gold #ffd166, pale gold #ffe9a8, ember #c98a5c, arcane #c58cff, shadow #2a0c08. Clean readable silhouette that still reads at 1/4 size. Even ambient light from above, no cast shadow on the ground unless asked."
"item_iron_sword","assets/ui/items/iron_sword.png","128x128","64x64","물건 아이콘","강철검","An iron sword (weapon) — decent craftsmanship, one small accent colour. Single game inventory icon, one object only, floating centred with a small even margin on all four sides, seen from a slight 3/4 angle. Subject fully isolated on a pure flat #00FF00 background (nothing else in frame), so the background can be keyed out to transparent. Do not crop any part of the subject. No hand holding it, no pedestal, no text, no rarity frame, no glow border. It must still be recognisable shrunk to 1/4 size, so keep the silhouette simple and the local colour strong. Flat vector game art, hand-painted storybook look, soft cel shading with two or three tone steps per surface, NO black outlines, NO gradients across the whole image, NO photorealism, NO 3D render, NO pixel art dithering. Warm saturated fantasy palette anchored on: grass #49a34a, deep leaf #3f9642, wood #8b5a2b, dark wood #6b4423, stone #8f97ab, cold stone #b7bfd0, water #7cc4ff, pale sky #cfe4ff, gold #ffd166, pale gold #ffe9a8, ember #c98a5c, arcane #c58cff, shadow #2a0c08. Clean readable silhouette that still reads at 1/4 size. Even ambient light from above, no cast shadow on the ground unless asked."
"item_flame_sword","assets/ui/items/flame_sword.png","128x128","64x64","물건 아이콘","화염검","A flame sword (weapon) — fine craftsmanship, blue-steel sheen and a small inlaid stone. Single game inventory icon, one object only, floating centred with a small even margin on all four sides, seen from a slight 3/4 angle. Subject fully isolated on a pure flat #00FF00 background (nothing else in frame), so the background can be keyed out to transparent. Do not crop any part of the subject. No hand holding it, no pedestal, no text, no rarity frame, no glow border. It must still be recognisable shrunk to 1/4 size, so keep the silhouette simple and the local colour strong. Flat vector game art, hand-painted storybook look, soft cel shading with two or three tone steps per surface, NO black outlines, NO gradients across the whole image, NO photorealism, NO 3D render, NO pixel art dithering. Warm saturated fantasy palette anchored on: grass #49a34a, deep leaf #3f9642, wood #8b5a2b, dark wood #6b4423, stone #8f97ab, cold stone #b7bfd0, water #7cc4ff, pale sky #cfe4ff, gold #ffd166, pale gold #ffe9a8, ember #c98a5c, arcane #c58cff, shadow #2a0c08. Clean readable silhouette that still reads at 1/4 size. Even ambient light from above, no cast shadow on the ground unless asked."
"item_demon_blade","assets/ui/items/demon_blade.png","128x128","64x64","물건 아이콘","마검","A demon blade (weapon) — ornate, purple-arcane accents and engraved patterns. Single game inventory icon, one object only, floating centred with a small even margin on all four sides, seen from a slight 3/4 angle. Subject fully isolated on a pure flat #00FF00 background (nothing else in frame), so the background can be keyed out to transparent. Do not crop any part of the subject. No hand holding it, no pedestal, no text, no rarity frame, no glow border. It must still be recognisable shrunk to 1/4 size, so keep the silhouette simple and the local colour strong. Flat vector game art, hand-painted storybook look, soft cel shading with two or three tone steps per surface, NO black outlines, NO gradients across the whole image, NO photorealism, NO 3D render, NO pixel art dithering. Warm saturated fantasy palette anchored on: grass #49a34a, deep leaf #3f9642, wood #8b5a2b, dark wood #6b4423, stone #8f97ab, cold stone #b7bfd0, water #7cc4ff, pale sky #cfe4ff, gold #ffd166, pale gold #ffe9a8, ember #c98a5c, arcane #c58cff, shadow #2a0c08. Clean readable silhouette that still reads at 1/4 size. Even ambient light from above, no cast shadow on the ground unless asked."
"item_cloth_armor","assets/ui/items/cloth_armor.png","128x128","64x64","물건 아이콘","천옷","A cloth armor (armor) — plain everyday craftsmanship, muted colours, no gems. Single game inventory icon, one object only, floating centred with a small even margin on all four sides, seen from a slight 3/4 angle. Subject fully isolated on a pure flat #00FF00 background (nothing else in frame), so the background can be keyed out to transparent. Do not crop any part of the subject. No hand holding it, no pedestal, no text, no rarity frame, no glow border. It must still be recognisable shrunk to 1/4 size, so keep the silhouette simple and the local colour strong. Flat vector game art, hand-painted storybook look, soft cel shading with two or three tone steps per surface, NO black outlines, NO gradients across the whole image, NO photorealism, NO 3D render, NO pixel art dithering. Warm saturated fantasy palette anchored on: grass #49a34a, deep leaf #3f9642, wood #8b5a2b, dark wood #6b4423, stone #8f97ab, cold stone #b7bfd0, water #7cc4ff, pale sky #cfe4ff, gold #ffd166, pale gold #ffe9a8, ember #c98a5c, arcane #c58cff, shadow #2a0c08. Clean readable silhouette that still reads at 1/4 size. Even ambient light from above, no cast shadow on the ground unless asked."
"item_leather_armor","assets/ui/items/leather_armor.png","128x128","64x64","물건 아이콘","가죽","A leather armor (armor) — decent craftsmanship, one small accent colour. Single game inventory icon, one object only, floating centred with a small even margin on all four sides, seen from a slight 3/4 angle. Subject fully isolated on a pure flat #00FF00 background (nothing else in frame), so the background can be keyed out to transparent. Do not crop any part of the subject. No hand holding it, no pedestal, no text, no rarity frame, no glow border. It must still be recognisable shrunk to 1/4 size, so keep the silhouette simple and the local colour strong. Flat vector game art, hand-painted storybook look, soft cel shading with two or three tone steps per surface, NO black outlines, NO gradients across the whole image, NO photorealism, NO 3D render, NO pixel art dithering. Warm saturated fantasy palette anchored on: grass #49a34a, deep leaf #3f9642, wood #8b5a2b, dark wood #6b4423, stone #8f97ab, cold stone #b7bfd0, water #7cc4ff, pale sky #cfe4ff, gold #ffd166, pale gold #ffe9a8, ember #c98a5c, arcane #c58cff, shadow #2a0c08. Clean readable silhouette that still reads at 1/4 size. Even ambient light from above, no cast shadow on the ground unless asked."
"item_knight_armor","assets/ui/items/knight_armor.png","128x128","64x64","물건 아이콘","기사갑옷","A knight armor (armor) — fine craftsmanship, blue-steel sheen and a small inlaid stone. Single game inventory icon, one object only, floating centred with a small even margin on all four sides, seen from a slight 3/4 angle. Subject fully isolated on a pure flat #00FF00 background (nothing else in frame), so the background can be keyed out to transparent. Do not crop any part of the subject. No hand holding it, no pedestal, no text, no rarity frame, no glow border. It must still be recognisable shrunk to 1/4 size, so keep the silhouette simple and the local colour strong. Flat vector game art, hand-painted storybook look, soft cel shading with two or three tone steps per surface, NO black outlines, NO gradients across the whole image, NO photorealism, NO 3D render, NO pixel art dithering. Warm saturated fantasy palette anchored on: grass #49a34a, deep leaf #3f9642, wood #8b5a2b, dark wood #6b4423, stone #8f97ab, cold stone #b7bfd0, water #7cc4ff, pale sky #cfe4ff, gold #ffd166, pale gold #ffe9a8, ember #c98a5c, arcane #c58cff, shadow #2a0c08. Clean readable silhouette that still reads at 1/4 size. Even ambient light from above, no cast shadow on the ground unless asked."
"item_dragon_mail","assets/ui/items/dragon_mail.png","128x128","64x64","물건 아이콘","용린갑옷","A dragon mail (armor) — fine craftsmanship, blue-steel sheen and a small inlaid stone. Single game inventory icon, one object only, floating centred with a small even margin on all four sides, seen from a slight 3/4 angle. Subject fully isolated on a pure flat #00FF00 background (nothing else in frame), so the background can be keyed out to transparent. Do not crop any part of the subject. No hand holding it, no pedestal, no text, no rarity frame, no glow border. It must still be recognisable shrunk to 1/4 size, so keep the silhouette simple and the local colour strong. Flat vector game art, hand-painted storybook look, soft cel shading with two or three tone steps per surface, NO black outlines, NO gradients across the whole image, NO photorealism, NO 3D render, NO pixel art dithering. Warm saturated fantasy palette anchored on: grass #49a34a, deep leaf #3f9642, wood #8b5a2b, dark wood #6b4423, stone #8f97ab, cold stone #b7bfd0, water #7cc4ff, pale sky #cfe4ff, gold #ffd166, pale gold #ffe9a8, ember #c98a5c, arcane #c58cff, shadow #2a0c08. Clean readable silhouette that still reads at 1/4 size. Even ambient light from above, no cast shadow on the ground unless asked."
"item_swift_ring","assets/ui/items/swift_ring.png","128x128","64x64","물건 아이콘","반지","A swift ring (accessory, worn on the ring) — fine craftsmanship, blue-steel sheen and a small inlaid stone. Single game inventory icon, one object only, floating centred with a small even margin on all four sides, seen from a slight 3/4 angle. Subject fully isolated on a pure flat #00FF00 background (nothing else in frame), so the background can be keyed out to transparent. Do not crop any part of the subject. No hand holding it, no pedestal, no text, no rarity frame, no glow border. It must still be recognisable shrunk to 1/4 size, so keep the silhouette simple and the local colour strong. Flat vector game art, hand-painted storybook look, soft cel shading with two or three tone steps per surface, NO black outlines, NO gradients across the whole image, NO photorealism, NO 3D render, NO pixel art dithering. Warm saturated fantasy palette anchored on: grass #49a34a, deep leaf #3f9642, wood #8b5a2b, dark wood #6b4423, stone #8f97ab, cold stone #b7bfd0, water #7cc4ff, pale sky #cfe4ff, gold #ffd166, pale gold #ffe9a8, ember #c98a5c, arcane #c58cff, shadow #2a0c08. Clean readable silhouette that still reads at 1/4 size. Even ambient light from above, no cast shadow on the ground unless asked."
"item_power_ring","assets/ui/items/power_ring.png","128x128","64x64","물건 아이콘","격노반지","A power ring (accessory, worn on the ring) — ornate, purple-arcane accents and engraved patterns. Single game inventory icon, one object only, floating centred with a small even margin on all four sides, seen from a slight 3/4 angle. Subject fully isolated on a pure flat #00FF00 background (nothing else in frame), so the background can be keyed out to transparent. Do not crop any part of the subject. No hand holding it, no pedestal, no text, no rarity frame, no glow border. It must still be recognisable shrunk to 1/4 size, so keep the silhouette simple and the local colour strong. Flat vector game art, hand-painted storybook look, soft cel shading with two or three tone steps per surface, NO black outlines, NO gradients across the whole image, NO photorealism, NO 3D render, NO pixel art dithering. Warm saturated fantasy palette anchored on: grass #49a34a, deep leaf #3f9642, wood #8b5a2b, dark wood #6b4423, stone #8f97ab, cold stone #b7bfd0, water #7cc4ff, pale sky #cfe4ff, gold #ffd166, pale gold #ffe9a8, ember #c98a5c, arcane #c58cff, shadow #2a0c08. Clean readable silhouette that still reads at 1/4 size. Even ambient light from above, no cast shadow on the ground unless asked."
"item_potion","assets/ui/items/potion.png","128x128","64x64","물건 아이콘","회복약","A potion (consumable) — plain everyday craftsmanship, muted colours, no gems. Single game inventory icon, one object only, floating centred with a small even margin on all four sides, seen from a slight 3/4 angle. Subject fully isolated on a pure flat #00FF00 background (nothing else in frame), so the background can be keyed out to transparent. Do not crop any part of the subject. No hand holding it, no pedestal, no text, no rarity frame, no glow border. It must still be recognisable shrunk to 1/4 size, so keep the silhouette simple and the local colour strong. Flat vector game art, hand-painted storybook look, soft cel shading with two or three tone steps per surface, NO black outlines, NO gradients across the whole image, NO photorealism, NO 3D render, NO pixel art dithering. Warm saturated fantasy palette anchored on: grass #49a34a, deep leaf #3f9642, wood #8b5a2b, dark wood #6b4423, stone #8f97ab, cold stone #b7bfd0, water #7cc4ff, pale sky #cfe4ff, gold #ffd166, pale gold #ffe9a8, ember #c98a5c, arcane #c58cff, shadow #2a0c08. Clean readable silhouette that still reads at 1/4 size. Even ambient light from above, no cast shadow on the ground unless asked."
"item_herb","assets/ui/items/herb.png","128x128","64x64","물건 아이콘","약초","A herb (material) — plain everyday craftsmanship, muted colours, no gems. Single game inventory icon, one object only, floating centred with a small even margin on all four sides, seen from a slight 3/4 angle. Subject fully isolated on a pure flat #00FF00 background (nothing else in frame), so the background can be keyed out to transparent. Do not crop any part of the subject. No hand holding it, no pedestal, no text, no rarity frame, no glow border. It must still be recognisable shrunk to 1/4 size, so keep the silhouette simple and the local colour strong. Flat vector game art, hand-painted storybook look, soft cel shading with two or three tone steps per surface, NO black outlines, NO gradients across the whole image, NO photorealism, NO 3D render, NO pixel art dithering. Warm saturated fantasy palette anchored on: grass #49a34a, deep leaf #3f9642, wood #8b5a2b, dark wood #6b4423, stone #8f97ab, cold stone #b7bfd0, water #7cc4ff, pale sky #cfe4ff, gold #ffd166, pale gold #ffe9a8, ember #c98a5c, arcane #c58cff, shadow #2a0c08. Clean readable silhouette that still reads at 1/4 size. Even ambient light from above, no cast shadow on the ground unless asked."
"item_magic_stone","assets/ui/items/magic_stone.png","128x128","64x64","물건 아이콘","마력석","A glowing arcane stone (material) — decent craftsmanship, one small accent colour. Single game inventory icon, one object only, floating centred with a small even margin on all four sides, seen from a slight 3/4 angle. Subject fully isolated on a pure flat #00FF00 background (nothing else in frame), so the background can be keyed out to transparent. Do not crop any part of the subject. No hand holding it, no pedestal, no text, no rarity frame, no glow border. It must still be recognisable shrunk to 1/4 size, so keep the silhouette simple and the local colour strong. Flat vector game art, hand-painted storybook look, soft cel shading with two or three tone steps per surface, NO black outlines, NO gradients across the whole image, NO photorealism, NO 3D render, NO pixel art dithering. Warm saturated fantasy palette anchored on: grass #49a34a, deep leaf #3f9642, wood #8b5a2b, dark wood #6b4423, stone #8f97ab, cold stone #b7bfd0, water #7cc4ff, pale sky #cfe4ff, gold #ffd166, pale gold #ffe9a8, ember #c98a5c, arcane #c58cff, shadow #2a0c08. Clean readable silhouette that still reads at 1/4 size. Even ambient light from above, no cast shadow on the ground unless asked."
"item_demon_core","assets/ui/items/demon_core.png","128x128","64x64","물건 아이콘","악마핵","A dark demon core (material) — fine craftsmanship, blue-steel sheen and a small inlaid stone. Single game inventory icon, one object only, floating centred with a small even margin on all four sides, seen from a slight 3/4 angle. Subject fully isolated on a pure flat #00FF00 background (nothing else in frame), so the background can be keyed out to transparent. Do not crop any part of the subject. No hand holding it, no pedestal, no text, no rarity frame, no glow border. It must still be recognisable shrunk to 1/4 size, so keep the silhouette simple and the local colour strong. Flat vector game art, hand-painted storybook look, soft cel shading with two or three tone steps per surface, NO black outlines, NO gradients across the whole image, NO photorealism, NO 3D render, NO pixel art dithering. Warm saturated fantasy palette anchored on: grass #49a34a, deep leaf #3f9642, wood #8b5a2b, dark wood #6b4423, stone #8f97ab, cold stone #b7bfd0, water #7cc4ff, pale sky #cfe4ff, gold #ffd166, pale gold #ffe9a8, ember #c98a5c, arcane #c58cff, shadow #2a0c08. Clean readable silhouette that still reads at 1/4 size. Even ambient light from above, no cast shadow on the ground unless asked."
"item_slime_jelly","assets/ui/items/slime_jelly.png","128x128","64x64","물건 아이콘","젤리","A blob of slime jelly (material) — plain everyday craftsmanship, muted colours, no gems. Single game inventory icon, one object only, floating centred with a small even margin on all four sides, seen from a slight 3/4 angle. Subject fully isolated on a pure flat #00FF00 background (nothing else in frame), so the background can be keyed out to transparent. Do not crop any part of the subject. No hand holding it, no pedestal, no text, no rarity frame, no glow border. It must still be recognisable shrunk to 1/4 size, so keep the silhouette simple and the local colour strong. Flat vector game art, hand-painted storybook look, soft cel shading with two or three tone steps per surface, NO black outlines, NO gradients across the whole image, NO photorealism, NO 3D render, NO pixel art dithering. Warm saturated fantasy palette anchored on: grass #49a34a, deep leaf #3f9642, wood #8b5a2b, dark wood #6b4423, stone #8f97ab, cold stone #b7bfd0, water #7cc4ff, pale sky #cfe4ff, gold #ffd166, pale gold #ffe9a8, ember #c98a5c, arcane #c58cff, shadow #2a0c08. Clean readable silhouette that still reads at 1/4 size. Even ambient light from above, no cast shadow on the ground unless asked."
"item_bat_fang","assets/ui/items/bat_fang.png","128x128","64x64","물건 아이콘","송곳니","A curved bat fang (material) — decent craftsmanship, one small accent colour. Single game inventory icon, one object only, floating centred with a small even margin on all four sides, seen from a slight 3/4 angle. Subject fully isolated on a pure flat #00FF00 background (nothing else in frame), so the background can be keyed out to transparent. Do not crop any part of the subject. No hand holding it, no pedestal, no text, no rarity frame, no glow border. It must still be recognisable shrunk to 1/4 size, so keep the silhouette simple and the local colour strong. Flat vector game art, hand-painted storybook look, soft cel shading with two or three tone steps per surface, NO black outlines, NO gradients across the whole image, NO photorealism, NO 3D render, NO pixel art dithering. Warm saturated fantasy palette anchored on: grass #49a34a, deep leaf #3f9642, wood #8b5a2b, dark wood #6b4423, stone #8f97ab, cold stone #b7bfd0, water #7cc4ff, pale sky #cfe4ff, gold #ffd166, pale gold #ffe9a8, ember #c98a5c, arcane #c58cff, shadow #2a0c08. Clean readable silhouette that still reads at 1/4 size. Even ambient light from above, no cast shadow on the ground unless asked."
"npc_alchemist","assets/sprites/npc/alchemist.png","192x256","60x80","마을 사람","연금술사","An alchemist, one of the townsfolk of a small medieval fantasy town. 3/4 top-down view, full body, standing still and facing the camera, feet at the very bottom edge of the canvas. Subject fully isolated on a pure flat #00FF00 background (nothing else in frame), so the background can be keyed out to transparent. Do not crop any part of the subject. Friendly readable silhouette; the clothing colour is what players recognise them by, so keep one strong signature colour. Flat vector game art, hand-painted storybook look, soft cel shading with two or three tone steps per surface, NO black outlines, NO gradients across the whole image, NO photorealism, NO 3D render, NO pixel art dithering. Warm saturated fantasy palette anchored on: grass #49a34a, deep leaf #3f9642, wood #8b5a2b, dark wood #6b4423, stone #8f97ab, cold stone #b7bfd0, water #7cc4ff, pale sky #cfe4ff, gold #ffd166, pale gold #ffe9a8, ember #c98a5c, arcane #c58cff, shadow #2a0c08. Clean readable silhouette that still reads at 1/4 size. Even ambient light from above, no cast shadow on the ground unless asked."
"item_speed_potion","assets/ui/items/speed_potion.png","128x128","64x64","물건 아이콘","질주물약","A speed potion (consumable) — plain everyday craftsmanship, muted colours, no gems. Single game inventory icon, one object only, floating centred with a small even margin on all four sides, seen from a slight 3/4 angle. Subject fully isolated on a pure flat #00FF00 background (nothing else in frame), so the background can be keyed out to transparent. Do not crop any part of the subject. No hand holding it, no pedestal, no text, no rarity frame, no glow border. It must still be recognisable shrunk to 1/4 size, so keep the silhouette simple and the local colour strong. Flat vector game art, hand-painted storybook look, soft cel shading with two or three tone steps per surface, NO black outlines, NO gradients across the whole image, NO photorealism, NO 3D render, NO pixel art dithering. Warm saturated fantasy palette anchored on: grass #49a34a, deep leaf #3f9642, wood #8b5a2b, dark wood #6b4423, stone #8f97ab, cold stone #b7bfd0, water #7cc4ff, pale sky #cfe4ff, gold #ffd166, pale gold #ffe9a8, ember #c98a5c, arcane #c58cff, shadow #2a0c08. Clean readable silhouette that still reads at 1/4 size. Even ambient light from above, no cast shadow on the ground unless asked."
"npc_quest_board","assets/sprites/npc/quest_board.png","192x256","60x80","마을 사람","게시판","A wooden quest board, one of the townsfolk of a small medieval fantasy town. 3/4 top-down view, full body, standing still and facing the camera, feet at the very bottom edge of the canvas. Subject fully isolated on a pure flat #00FF00 background (nothing else in frame), so the background can be keyed out to transparent. Do not crop any part of the subject. Friendly readable silhouette; the clothing colour is what players recognise them by, so keep one strong signature colour. Flat vector game art, hand-painted storybook look, soft cel shading with two or three tone steps per surface, NO black outlines, NO gradients across the whole image, NO photorealism, NO 3D render, NO pixel art dithering. Warm saturated fantasy palette anchored on: grass #49a34a, deep leaf #3f9642, wood #8b5a2b, dark wood #6b4423, stone #8f97ab, cold stone #b7bfd0, water #7cc4ff, pale sky #cfe4ff, gold #ffd166, pale gold #ffe9a8, ember #c98a5c, arcane #c58cff, shadow #2a0c08. Clean readable silhouette that still reads at 1/4 size. Even ambient light from above, no cast shadow on the ground unless asked."
"item_club","assets/ui/items/club.png","128x128","64x64","물건 아이콘","몽둥이","A club (weapon) — plain everyday craftsmanship, muted colours, no gems. Single game inventory icon, one object only, floating centred with a small even margin on all four sides, seen from a slight 3/4 angle. Subject fully isolated on a pure flat #00FF00 background (nothing else in frame), so the background can be keyed out to transparent. Do not crop any part of the subject. No hand holding it, no pedestal, no text, no rarity frame, no glow border. It must still be recognisable shrunk to 1/4 size, so keep the silhouette simple and the local colour strong. Flat vector game art, hand-painted storybook look, soft cel shading with two or three tone steps per surface, NO black outlines, NO gradients across the whole image, NO photorealism, NO 3D render, NO pixel art dithering. Warm saturated fantasy palette anchored on: grass #49a34a, deep leaf #3f9642, wood #8b5a2b, dark wood #6b4423, stone #8f97ab, cold stone #b7bfd0, water #7cc4ff, pale sky #cfe4ff, gold #ffd166, pale gold #ffe9a8, ember #c98a5c, arcane #c58cff, shadow #2a0c08. Clean readable silhouette that still reads at 1/4 size. Even ambient light from above, no cast shadow on the ground unless asked."
"item_leather_pauldron","assets/ui/items/leather_pauldron.png","128x128","64x64","물건 아이콘","가죽 어깨보호구","A leather pauldron (armor, worn on the shoulder) — decent craftsmanship, one small accent colour. Single game inventory icon, one object only, floating centred with a small even margin on all four sides, seen from a slight 3/4 angle. Subject fully isolated on a pure flat #00FF00 background (nothing else in frame), so the background can be keyed out to transparent. Do not crop any part of the subject. No hand holding it, no pedestal, no text, no rarity frame, no glow border. It must still be recognisable shrunk to 1/4 size, so keep the silhouette simple and the local colour strong. Flat vector game art, hand-painted storybook look, soft cel shading with two or three tone steps per surface, NO black outlines, NO gradients across the whole image, NO photorealism, NO 3D render, NO pixel art dithering. Warm saturated fantasy palette anchored on: grass #49a34a, deep leaf #3f9642, wood #8b5a2b, dark wood #6b4423, stone #8f97ab, cold stone #b7bfd0, water #7cc4ff, pale sky #cfe4ff, gold #ffd166, pale gold #ffe9a8, ember #c98a5c, arcane #c58cff, shadow #2a0c08. Clean readable silhouette that still reads at 1/4 size. Even ambient light from above, no cast shadow on the ground unless asked."
"item_steel_pauldron","assets/ui/items/steel_pauldron.png","128x128","64x64","물건 아이콘","강철 어깨갑옷","A steel pauldron (armor, worn on the shoulder) — fine craftsmanship, blue-steel sheen and a small inlaid stone. Single game inventory icon, one object only, floating centred with a small even margin on all four sides, seen from a slight 3/4 angle. Subject fully isolated on a pure flat #00FF00 background (nothing else in frame), so the background can be keyed out to transparent. Do not crop any part of the subject. No hand holding it, no pedestal, no text, no rarity frame, no glow border. It must still be recognisable shrunk to 1/4 size, so keep the silhouette simple and the local colour strong. Flat vector game art, hand-painted storybook look, soft cel shading with two or three tone steps per surface, NO black outlines, NO gradients across the whole image, NO photorealism, NO 3D render, NO pixel art dithering. Warm saturated fantasy palette anchored on: grass #49a34a, deep leaf #3f9642, wood #8b5a2b, dark wood #6b4423, stone #8f97ab, cold stone #b7bfd0, water #7cc4ff, pale sky #cfe4ff, gold #ffd166, pale gold #ffe9a8, ember #c98a5c, arcane #c58cff, shadow #2a0c08. Clean readable silhouette that still reads at 1/4 size. Even ambient light from above, no cast shadow on the ground unless asked."
"item_cloth_gloves","assets/ui/items/cloth_gloves.png","128x128","64x64","물건 아이콘","천 장갑","A cloth gloves (armor, worn on the gloves) — plain everyday craftsmanship, muted colours, no gems. Single game inventory icon, one object only, floating centred with a small even margin on all four sides, seen from a slight 3/4 angle. Subject fully isolated on a pure flat #00FF00 background (nothing else in frame), so the background can be keyed out to transparent. Do not crop any part of the subject. No hand holding it, no pedestal, no text, no rarity frame, no glow border. It must still be recognisable shrunk to 1/4 size, so keep the silhouette simple and the local colour strong. Flat vector game art, hand-painted storybook look, soft cel shading with two or three tone steps per surface, NO black outlines, NO gradients across the whole image, NO photorealism, NO 3D render, NO pixel art dithering. Warm saturated fantasy palette anchored on: grass #49a34a, deep leaf #3f9642, wood #8b5a2b, dark wood #6b4423, stone #8f97ab, cold stone #b7bfd0, water #7cc4ff, pale sky #cfe4ff, gold #ffd166, pale gold #ffe9a8, ember #c98a5c, arcane #c58cff, shadow #2a0c08. Clean readable silhouette that still reads at 1/4 size. Even ambient light from above, no cast shadow on the ground unless asked."
"item_steel_gauntlet","assets/ui/items/steel_gauntlet.png","128x128","64x64","물건 아이콘","강철 건틀릿","A steel gauntlet (armor, worn on the gloves) — fine craftsmanship, blue-steel sheen and a small inlaid stone. Single game inventory icon, one object only, floating centred with a small even margin on all four sides, seen from a slight 3/4 angle. Subject fully isolated on a pure flat #00FF00 background (nothing else in frame), so the background can be keyed out to transparent. Do not crop any part of the subject. No hand holding it, no pedestal, no text, no rarity frame, no glow border. It must still be recognisable shrunk to 1/4 size, so keep the silhouette simple and the local colour strong. Flat vector game art, hand-painted storybook look, soft cel shading with two or three tone steps per surface, NO black outlines, NO gradients across the whole image, NO photorealism, NO 3D render, NO pixel art dithering. Warm saturated fantasy palette anchored on: grass #49a34a, deep leaf #3f9642, wood #8b5a2b, dark wood #6b4423, stone #8f97ab, cold stone #b7bfd0, water #7cc4ff, pale sky #cfe4ff, gold #ffd166, pale gold #ffe9a8, ember #c98a5c, arcane #c58cff, shadow #2a0c08. Clean readable silhouette that still reads at 1/4 size. Even ambient light from above, no cast shadow on the ground unless asked."
"item_leather_boots","assets/ui/items/leather_boots.png","128x128","64x64","물건 아이콘","가죽 부츠","A leather boots (armor, worn on the boots) — plain everyday craftsmanship, muted colours, no gems. Single game inventory icon, one object only, floating centred with a small even margin on all four sides, seen from a slight 3/4 angle. Subject fully isolated on a pure flat #00FF00 background (nothing else in frame), so the background can be keyed out to transparent. Do not crop any part of the subject. No hand holding it, no pedestal, no text, no rarity frame, no glow border. It must still be recognisable shrunk to 1/4 size, so keep the silhouette simple and the local colour strong. Flat vector game art, hand-painted storybook look, soft cel shading with two or three tone steps per surface, NO black outlines, NO gradients across the whole image, NO photorealism, NO 3D render, NO pixel art dithering. Warm saturated fantasy palette anchored on: grass #49a34a, deep leaf #3f9642, wood #8b5a2b, dark wood #6b4423, stone #8f97ab, cold stone #b7bfd0, water #7cc4ff, pale sky #cfe4ff, gold #ffd166, pale gold #ffe9a8, ember #c98a5c, arcane #c58cff, shadow #2a0c08. Clean readable silhouette that still reads at 1/4 size. Even ambient light from above, no cast shadow on the ground unless asked."
"item_swift_boots","assets/ui/items/swift_boots.png","128x128","64x64","물건 아이콘","질주의 부츠","A swift boots (armor, worn on the boots) — fine craftsmanship, blue-steel sheen and a small inlaid stone. Single game inventory icon, one object only, floating centred with a small even margin on all four sides, seen from a slight 3/4 angle. Subject fully isolated on a pure flat #00FF00 background (nothing else in frame), so the background can be keyed out to transparent. Do not crop any part of the subject. No hand holding it, no pedestal, no text, no rarity frame, no glow border. It must still be recognisable shrunk to 1/4 size, so keep the silhouette simple and the local colour strong. Flat vector game art, hand-painted storybook look, soft cel shading with two or three tone steps per surface, NO black outlines, NO gradients across the whole image, NO photorealism, NO 3D render, NO pixel art dithering. Warm saturated fantasy palette anchored on: grass #49a34a, deep leaf #3f9642, wood #8b5a2b, dark wood #6b4423, stone #8f97ab, cold stone #b7bfd0, water #7cc4ff, pale sky #cfe4ff, gold #ffd166, pale gold #ffe9a8, ember #c98a5c, arcane #c58cff, shadow #2a0c08. Clean readable silhouette that still reads at 1/4 size. Even ambient light from above, no cast shadow on the ground unless asked."
"item_leather_belt","assets/ui/items/leather_belt.png","128x128","64x64","물건 아이콘","가죽 허리띠","A leather belt (accessory, worn on the belt) — plain everyday craftsmanship, muted colours, no gems. Single game inventory icon, one object only, floating centred with a small even margin on all four sides, seen from a slight 3/4 angle. Subject fully isolated on a pure flat #00FF00 background (nothing else in frame), so the background can be keyed out to transparent. Do not crop any part of the subject. No hand holding it, no pedestal, no text, no rarity frame, no glow border. It must still be recognisable shrunk to 1/4 size, so keep the silhouette simple and the local colour strong. Flat vector game art, hand-painted storybook look, soft cel shading with two or three tone steps per surface, NO black outlines, NO gradients across the whole image, NO photorealism, NO 3D render, NO pixel art dithering. Warm saturated fantasy palette anchored on: grass #49a34a, deep leaf #3f9642, wood #8b5a2b, dark wood #6b4423, stone #8f97ab, cold stone #b7bfd0, water #7cc4ff, pale sky #cfe4ff, gold #ffd166, pale gold #ffe9a8, ember #c98a5c, arcane #c58cff, shadow #2a0c08. Clean readable silhouette that still reads at 1/4 size. Even ambient light from above, no cast shadow on the ground unless asked."
"item_mana_belt","assets/ui/items/mana_belt.png","128x128","64x64","물건 아이콘","마력의 허리띠","A mana belt (accessory, worn on the belt) — fine craftsmanship, blue-steel sheen and a small inlaid stone. Single game inventory icon, one object only, floating centred with a small even margin on all four sides, seen from a slight 3/4 angle. Subject fully isolated on a pure flat #00FF00 background (nothing else in frame), so the background can be keyed out to transparent. Do not crop any part of the subject. No hand holding it, no pedestal, no text, no rarity frame, no glow border. It must still be recognisable shrunk to 1/4 size, so keep the silhouette simple and the local colour strong. Flat vector game art, hand-painted storybook look, soft cel shading with two or three tone steps per surface, NO black outlines, NO gradients across the whole image, NO photorealism, NO 3D render, NO pixel art dithering. Warm saturated fantasy palette anchored on: grass #49a34a, deep leaf #3f9642, wood #8b5a2b, dark wood #6b4423, stone #8f97ab, cold stone #b7bfd0, water #7cc4ff, pale sky #cfe4ff, gold #ffd166, pale gold #ffe9a8, ember #c98a5c, arcane #c58cff, shadow #2a0c08. Clean readable silhouette that still reads at 1/4 size. Even ambient light from above, no cast shadow on the ground unless asked."
"item_wood_amulet","assets/ui/items/wood_amulet.png","128x128","64x64","물건 아이콘","나무 부적","A wood amulet (accessory, worn on the necklace) — plain everyday craftsmanship, muted colours, no gems. Single game inventory icon, one object only, floating centred with a small even margin on all four sides, seen from a slight 3/4 angle. Subject fully isolated on a pure flat #00FF00 background (nothing else in frame), so the background can be keyed out to transparent. Do not crop any part of the subject. No hand holding it, no pedestal, no text, no rarity frame, no glow border. It must still be recognisable shrunk to 1/4 size, so keep the silhouette simple and the local colour strong. Flat vector game art, hand-painted storybook look, soft cel shading with two or three tone steps per surface, NO black outlines, NO gradients across the whole image, NO photorealism, NO 3D render, NO pixel art dithering. Warm saturated fantasy palette anchored on: grass #49a34a, deep leaf #3f9642, wood #8b5a2b, dark wood #6b4423, stone #8f97ab, cold stone #b7bfd0, water #7cc4ff, pale sky #cfe4ff, gold #ffd166, pale gold #ffe9a8, ember #c98a5c, arcane #c58cff, shadow #2a0c08. Clean readable silhouette that still reads at 1/4 size. Even ambient light from above, no cast shadow on the ground unless asked."
"item_guard_amulet","assets/ui/items/guard_amulet.png","128x128","64x64","물건 아이콘","수호의 목걸이","A guard amulet (accessory, worn on the necklace) — fine craftsmanship, blue-steel sheen and a small inlaid stone. Single game inventory icon, one object only, floating centred with a small even margin on all four sides, seen from a slight 3/4 angle. Subject fully isolated on a pure flat #00FF00 background (nothing else in frame), so the background can be keyed out to transparent. Do not crop any part of the subject. No hand holding it, no pedestal, no text, no rarity frame, no glow border. It must still be recognisable shrunk to 1/4 size, so keep the silhouette simple and the local colour strong. Flat vector game art, hand-painted storybook look, soft cel shading with two or three tone steps per surface, NO black outlines, NO gradients across the whole image, NO photorealism, NO 3D render, NO pixel art dithering. Warm saturated fantasy palette anchored on: grass #49a34a, deep leaf #3f9642, wood #8b5a2b, dark wood #6b4423, stone #8f97ab, cold stone #b7bfd0, water #7cc4ff, pale sky #cfe4ff, gold #ffd166, pale gold #ffe9a8, ember #c98a5c, arcane #c58cff, shadow #2a0c08. Clean readable silhouette that still reads at 1/4 size. Even ambient light from above, no cast shadow on the ground unless asked."
"item_short_bow","assets/ui/items/short_bow.png","128x128","64x64","물건 아이콘","낡은 사냥활","A short bow (weapon) — plain everyday craftsmanship, muted colours, no gems. Single game inventory icon, one object only, floating centred with a small even margin on all four sides, seen from a slight 3/4 angle. Subject fully isolated on a pure flat #00FF00 background (nothing else in frame), so the background can be keyed out to transparent. Do not crop any part of the subject. No hand holding it, no pedestal, no text, no rarity frame, no glow border. It must still be recognisable shrunk to 1/4 size, so keep the silhouette simple and the local colour strong. Flat vector game art, hand-painted storybook look, soft cel shading with two or three tone steps per surface, NO black outlines, NO gradients across the whole image, NO photorealism, NO 3D render, NO pixel art dithering. Warm saturated fantasy palette anchored on: grass #49a34a, deep leaf #3f9642, wood #8b5a2b, dark wood #6b4423, stone #8f97ab, cold stone #b7bfd0, water #7cc4ff, pale sky #cfe4ff, gold #ffd166, pale gold #ffe9a8, ember #c98a5c, arcane #c58cff, shadow #2a0c08. Clean readable silhouette that still reads at 1/4 size. Even ambient light from above, no cast shadow on the ground unless asked."
"item_hunting_bow","assets/ui/items/hunting_bow.png","128x128","64x64","물건 아이콘","사냥용 활","A hunting bow (weapon) — decent craftsmanship, one small accent colour. Single game inventory icon, one object only, floating centred with a small even margin on all four sides, seen from a slight 3/4 angle. Subject fully isolated on a pure flat #00FF00 background (nothing else in frame), so the background can be keyed out to transparent. Do not crop any part of the subject. No hand holding it, no pedestal, no text, no rarity frame, no glow border. It must still be recognisable shrunk to 1/4 size, so keep the silhouette simple and the local colour strong. Flat vector game art, hand-painted storybook look, soft cel shading with two or three tone steps per surface, NO black outlines, NO gradients across the whole image, NO photorealism, NO 3D render, NO pixel art dithering. Warm saturated fantasy palette anchored on: grass #49a34a, deep leaf #3f9642, wood #8b5a2b, dark wood #6b4423, stone #8f97ab, cold stone #b7bfd0, water #7cc4ff, pale sky #cfe4ff, gold #ffd166, pale gold #ffe9a8, ember #c98a5c, arcane #c58cff, shadow #2a0c08. Clean readable silhouette that still reads at 1/4 size. Even ambient light from above, no cast shadow on the ground unless asked."
"item_elven_bow","assets/ui/items/elven_bow.png","128x128","64x64","물건 아이콘","바람의 장궁","An elven bow (weapon) — fine craftsmanship, blue-steel sheen and a small inlaid stone. Single game inventory icon, one object only, floating centred with a small even margin on all four sides, seen from a slight 3/4 angle. Subject fully isolated on a pure flat #00FF00 background (nothing else in frame), so the background can be keyed out to transparent. Do not crop any part of the subject. No hand holding it, no pedestal, no text, no rarity frame, no glow border. It must still be recognisable shrunk to 1/4 size, so keep the silhouette simple and the local colour strong. Flat vector game art, hand-painted storybook look, soft cel shading with two or three tone steps per surface, NO black outlines, NO gradients across the whole image, NO photorealism, NO 3D render, NO pixel art dithering. Warm saturated fantasy palette anchored on: grass #49a34a, deep leaf #3f9642, wood #8b5a2b, dark wood #6b4423, stone #8f97ab, cold stone #b7bfd0, water #7cc4ff, pale sky #cfe4ff, gold #ffd166, pale gold #ffe9a8, ember #c98a5c, arcane #c58cff, shadow #2a0c08. Clean readable silhouette that still reads at 1/4 size. Even ambient light from above, no cast shadow on the ground unless asked."
"item_gnarled_staff","assets/ui/items/gnarled_staff.png","128x128","64x64","물건 아이콘","옹이 지팡이","A gnarled staff (weapon) — plain everyday craftsmanship, muted colours, no gems. Single game inventory icon, one object only, floating centred with a small even margin on all four sides, seen from a slight 3/4 angle. Subject fully isolated on a pure flat #00FF00 background (nothing else in frame), so the background can be keyed out to transparent. Do not crop any part of the subject. No hand holding it, no pedestal, no text, no rarity frame, no glow border. It must still be recognisable shrunk to 1/4 size, so keep the silhouette simple and the local colour strong. Flat vector game art, hand-painted storybook look, soft cel shading with two or three tone steps per surface, NO black outlines, NO gradients across the whole image, NO photorealism, NO 3D render, NO pixel art dithering. Warm saturated fantasy palette anchored on: grass #49a34a, deep leaf #3f9642, wood #8b5a2b, dark wood #6b4423, stone #8f97ab, cold stone #b7bfd0, water #7cc4ff, pale sky #cfe4ff, gold #ffd166, pale gold #ffe9a8, ember #c98a5c, arcane #c58cff, shadow #2a0c08. Clean readable silhouette that still reads at 1/4 size. Even ambient light from above, no cast shadow on the ground unless asked."
"item_apprentice_staff","assets/ui/items/apprentice_staff.png","128x128","64x64","물건 아이콘","견습 지팡이","An apprentice staff (weapon) — decent craftsmanship, one small accent colour. Single game inventory icon, one object only, floating centred with a small even margin on all four sides, seen from a slight 3/4 angle. Subject fully isolated on a pure flat #00FF00 background (nothing else in frame), so the background can be keyed out to transparent. Do not crop any part of the subject. No hand holding it, no pedestal, no text, no rarity frame, no glow border. It must still be recognisable shrunk to 1/4 size, so keep the silhouette simple and the local colour strong. Flat vector game art, hand-painted storybook look, soft cel shading with two or three tone steps per surface, NO black outlines, NO gradients across the whole image, NO photorealism, NO 3D render, NO pixel art dithering. Warm saturated fantasy palette anchored on: grass #49a34a, deep leaf #3f9642, wood #8b5a2b, dark wood #6b4423, stone #8f97ab, cold stone #b7bfd0, water #7cc4ff, pale sky #cfe4ff, gold #ffd166, pale gold #ffe9a8, ember #c98a5c, arcane #c58cff, shadow #2a0c08. Clean readable silhouette that still reads at 1/4 size. Even ambient light from above, no cast shadow on the ground unless asked."
"item_archmage_staff","assets/ui/items/archmage_staff.png","128x128","64x64","물건 아이콘","대마법사의 지팡이","An archmage staff (weapon) — fine craftsmanship, blue-steel sheen and a small inlaid stone. Single game inventory icon, one object only, floating centred with a small even margin on all four sides, seen from a slight 3/4 angle. Subject fully isolated on a pure flat #00FF00 background (nothing else in frame), so the background can be keyed out to transparent. Do not crop any part of the subject. No hand holding it, no pedestal, no text, no rarity frame, no glow border. It must still be recognisable shrunk to 1/4 size, so keep the silhouette simple and the local colour strong. Flat vector game art, hand-painted storybook look, soft cel shading with two or three tone steps per surface, NO black outlines, NO gradients across the whole image, NO photorealism, NO 3D render, NO pixel art dithering. Warm saturated fantasy palette anchored on: grass #49a34a, deep leaf #3f9642, wood #8b5a2b, dark wood #6b4423, stone #8f97ab, cold stone #b7bfd0, water #7cc4ff, pale sky #cfe4ff, gold #ffd166, pale gold #ffe9a8, ember #c98a5c, arcane #c58cff, shadow #2a0c08. Clean readable silhouette that still reads at 1/4 size. Even ambient light from above, no cast shadow on the ground unless asked."
"chr_ranger_field","assets/sprites/characters/ranger_field.png","192x256","48x64","들판 그림","사냥꾼","A hooded bow ranger — the player character of this game, an adventurer. 3/4 top-down view as seen in a JRPG overworld, the character standing and facing the camera-left, feet touching the very bottom edge of the canvas, head near the top with a small margin. Subject fully isolated on a pure flat #00FF00 background (nothing else in frame), so the background can be keyed out to transparent. Do not crop any part of the subject. Whole body in frame, symmetrical readable silhouette, no motion blur. Flat vector game art, hand-painted storybook look, soft cel shading with two or three tone steps per surface, NO black outlines, NO gradients across the whole image, NO photorealism, NO 3D render, NO pixel art dithering. Warm saturated fantasy palette anchored on: grass #49a34a, deep leaf #3f9642, wood #8b5a2b, dark wood #6b4423, stone #8f97ab, cold stone #b7bfd0, water #7cc4ff, pale sky #cfe4ff, gold #ffd166, pale gold #ffe9a8, ember #c98a5c, arcane #c58cff, shadow #2a0c08. Clean readable silhouette that still reads at 1/4 size. Even ambient light from above, no cast shadow on the ground unless asked."
"chr_ranger_battle","assets/sprites/characters/ranger_battle.png","768x1024","192x256","전투 그림","사냥꾼","A hooded bow ranger — the player character of this game, an adventurer. Side view battle portrait, full body, standing in an idle ready stance and FACING LEFT (the enemy is off-frame to the left). Feet touch the very bottom edge of the canvas, head near the top. Subject fully isolated on a pure flat #00FF00 background (nothing else in frame), so the background can be keyed out to transparent. Do not crop any part of the subject. Dramatic but still, no motion lines. Flat vector game art, hand-painted storybook look, soft cel shading with two or three tone steps per surface, NO black outlines, NO gradients across the whole image, NO photorealism, NO 3D render, NO pixel art dithering. Warm saturated fantasy palette anchored on: grass #49a34a, deep leaf #3f9642, wood #8b5a2b, dark wood #6b4423, stone #8f97ab, cold stone #b7bfd0, water #7cc4ff, pale sky #cfe4ff, gold #ffd166, pale gold #ffe9a8, ember #c98a5c, arcane #c58cff, shadow #2a0c08. Clean readable silhouette that still reads at 1/4 size. Even ambient light from above, no cast shadow on the ground unless asked."
"chr_mage_field","assets/sprites/characters/mage_field.png","192x256","48x64","들판 그림","마법사","A staff-wielding mage — the player character of this game, an adventurer. 3/4 top-down view as seen in a JRPG overworld, the character standing and facing the camera-left, feet touching the very bottom edge of the canvas, head near the top with a small margin. Subject fully isolated on a pure flat #00FF00 background (nothing else in frame), so the background can be keyed out to transparent. Do not crop any part of the subject. Whole body in frame, symmetrical readable silhouette, no motion blur. Flat vector game art, hand-painted storybook look, soft cel shading with two or three tone steps per surface, NO black outlines, NO gradients across the whole image, NO photorealism, NO 3D render, NO pixel art dithering. Warm saturated fantasy palette anchored on: grass #49a34a, deep leaf #3f9642, wood #8b5a2b, dark wood #6b4423, stone #8f97ab, cold stone #b7bfd0, water #7cc4ff, pale sky #cfe4ff, gold #ffd166, pale gold #ffe9a8, ember #c98a5c, arcane #c58cff, shadow #2a0c08. Clean readable silhouette that still reads at 1/4 size. Even ambient light from above, no cast shadow on the ground unless asked."
"chr_mage_battle","assets/sprites/characters/mage_battle.png","768x1024","192x256","전투 그림","마법사","A staff-wielding mage — the player character of this game, an adventurer. Side view battle portrait, full body, standing in an idle ready stance and FACING LEFT (the enemy is off-frame to the left). Feet touch the very bottom edge of the canvas, head near the top. Subject fully isolated on a pure flat #00FF00 background (nothing else in frame), so the background can be keyed out to transparent. Do not crop any part of the subject. Dramatic but still, no motion lines. Flat vector game art, hand-painted storybook look, soft cel shading with two or three tone steps per surface, NO black outlines, NO gradients across the whole image, NO photorealism, NO 3D render, NO pixel art dithering. Warm saturated fantasy palette anchored on: grass #49a34a, deep leaf #3f9642, wood #8b5a2b, dark wood #6b4423, stone #8f97ab, cold stone #b7bfd0, water #7cc4ff, pale sky #cfe4ff, gold #ffd166, pale gold #ffe9a8, ember #c98a5c, arcane #c58cff, shadow #2a0c08. Clean readable silhouette that still reads at 1/4 size. Even ambient light from above, no cast shadow on the ground unless asked."
"tile_dungeon_floor","assets/tiles/dungeon_floor.png","64x64","32x32","바닥 타일(이어 붙음)","감옥 바닥","damp dark prison flagstones. Seamless repeating floor tile, straight top-down view (camera exactly overhead). The image fills the entire canvas edge to edge with no border, no frame, no margin. ⚠ CRITICAL: the tile is laid in a 40x32 grid, so it must tile seamlessly — left edge must continue into the right edge and top into bottom. ABSOLUTELY NO directional light (no brighter-top/darker-bottom), NO vignette, NO border or outline on any edge, NO single big feature in the centre. Keep the base colour perfectly flat and put all variation into small scattered speckles and marks that do not touch the edges. Flat vector game art, hand-painted storybook look, soft cel shading with two or three tone steps per surface, NO black outlines, NO gradients across the whole image, NO photorealism, NO 3D render, NO pixel art dithering. Warm saturated fantasy palette anchored on: grass #49a34a, deep leaf #3f9642, wood #8b5a2b, dark wood #6b4423, stone #8f97ab, cold stone #b7bfd0, water #7cc4ff, pale sky #cfe4ff, gold #ffd166, pale gold #ffe9a8, ember #c98a5c, arcane #c58cff, shadow #2a0c08. Clean readable silhouette that still reads at 1/4 size. Even ambient light from above, no cast shadow on the ground unless asked."
"tile_dungeon_wall","assets/tiles/dungeon_wall.png","64x64","32x32","바닥 타일(이어 붙음)","감옥 벽","cold dungeon block masonry, faintly damp. Seamless repeating floor tile, straight top-down view (camera exactly overhead). The image fills the entire canvas edge to edge with no border, no frame, no margin. ⚠ CRITICAL: the tile is laid in a 40x32 grid, so it must tile seamlessly — left edge must continue into the right edge and top into bottom. ABSOLUTELY NO directional light (no brighter-top/darker-bottom), NO vignette, NO border or outline on any edge, NO single big feature in the centre. Keep the base colour perfectly flat and put all variation into small scattered speckles and marks that do not touch the edges. Flat vector game art, hand-painted storybook look, soft cel shading with two or three tone steps per surface, NO black outlines, NO gradients across the whole image, NO photorealism, NO 3D render, NO pixel art dithering. Warm saturated fantasy palette anchored on: grass #49a34a, deep leaf #3f9642, wood #8b5a2b, dark wood #6b4423, stone #8f97ab, cold stone #b7bfd0, water #7cc4ff, pale sky #cfe4ff, gold #ffd166, pale gold #ffe9a8, ember #c98a5c, arcane #c58cff, shadow #2a0c08. Clean readable silhouette that still reads at 1/4 size. Even ambient light from above, no cast shadow on the ground unless asked."
"tile_stairs_down","assets/tiles/stairs_down.png","64x64","32x32","얹는 타일","내려가는 계단","a stone staircase descending into darkness. Single object drawn small and centred, seen from a 3/4 top-down angle. Subject fully isolated on a pure flat #00FF00 background (nothing else in frame), so the background can be keyed out to transparent. Do not crop any part of the subject. The outer edge of the object must be ragged and irregular (not a filled square), because this is layered on top of a ground tile and the ground shows through around it. No ground, no grass, no base plate underneath. Flat vector game art, hand-painted storybook look, soft cel shading with two or three tone steps per surface, NO black outlines, NO gradients across the whole image, NO photorealism, NO 3D render, NO pixel art dithering. Warm saturated fantasy palette anchored on: grass #49a34a, deep leaf #3f9642, wood #8b5a2b, dark wood #6b4423, stone #8f97ab, cold stone #b7bfd0, water #7cc4ff, pale sky #cfe4ff, gold #ffd166, pale gold #ffe9a8, ember #c98a5c, arcane #c58cff, shadow #2a0c08. Clean readable silhouette that still reads at 1/4 size. Even ambient light from above, no cast shadow on the ground unless asked."
"tile_stairs_up","assets/tiles/stairs_up.png","64x64","32x32","얹는 타일","올라가는 계단","a stone staircase climbing up toward light. Single object drawn small and centred, seen from a 3/4 top-down angle. Subject fully isolated on a pure flat #00FF00 background (nothing else in frame), so the background can be keyed out to transparent. Do not crop any part of the subject. The outer edge of the object must be ragged and irregular (not a filled square), because this is layered on top of a ground tile and the ground shows through around it. No ground, no grass, no base plate underneath. Flat vector game art, hand-painted storybook look, soft cel shading with two or three tone steps per surface, NO black outlines, NO gradients across the whole image, NO photorealism, NO 3D render, NO pixel art dithering. Warm saturated fantasy palette anchored on: grass #49a34a, deep leaf #3f9642, wood #8b5a2b, dark wood #6b4423, stone #8f97ab, cold stone #b7bfd0, water #7cc4ff, pale sky #cfe4ff, gold #ffd166, pale gold #ffe9a8, ember #c98a5c, arcane #c58cff, shadow #2a0c08. Clean readable silhouette that still reads at 1/4 size. Even ambient light from above, no cast shadow on the ground unless asked."
"tile_forge_hearth","assets/tiles/forge_hearth.png","96x96","48x48","키 큰 타일","화덕","a blacksmith forge hearth glowing with coals. Tall object standing on the ground, seen from a 3/4 top-down angle, drawn so that the base sits at the very bottom edge of the canvas and the top is free. Subject fully isolated on a pure flat #00FF00 background (nothing else in frame), so the background can be keyed out to transparent. Do not crop any part of the subject. No ground plate, no shadow disc under it. Flat vector game art, hand-painted storybook look, soft cel shading with two or three tone steps per surface, NO black outlines, NO gradients across the whole image, NO photorealism, NO 3D render, NO pixel art dithering. Warm saturated fantasy palette anchored on: grass #49a34a, deep leaf #3f9642, wood #8b5a2b, dark wood #6b4423, stone #8f97ab, cold stone #b7bfd0, water #7cc4ff, pale sky #cfe4ff, gold #ffd166, pale gold #ffe9a8, ember #c98a5c, arcane #c58cff, shadow #2a0c08. Clean readable silhouette that still reads at 1/4 size. Even ambient light from above, no cast shadow on the ground unless asked."
"tile_forge_anvil","assets/tiles/forge_anvil.png","90x90","45x45","키 큰 타일","모루","a blacksmith anvil on a wooden block. Tall object standing on the ground, seen from a 3/4 top-down angle, drawn so that the base sits at the very bottom edge of the canvas and the top is free. Subject fully isolated on a pure flat #00FF00 background (nothing else in frame), so the background can be keyed out to transparent. Do not crop any part of the subject. No ground plate, no shadow disc under it. Flat vector game art, hand-painted storybook look, soft cel shading with two or three tone steps per surface, NO black outlines, NO gradients across the whole image, NO photorealism, NO 3D render, NO pixel art dithering. Warm saturated fantasy palette anchored on: grass #49a34a, deep leaf #3f9642, wood #8b5a2b, dark wood #6b4423, stone #8f97ab, cold stone #b7bfd0, water #7cc4ff, pale sky #cfe4ff, gold #ffd166, pale gold #ffe9a8, ember #c98a5c, arcane #c58cff, shadow #2a0c08. Clean readable silhouette that still reads at 1/4 size. Even ambient light from above, no cast shadow on the ground unless asked."
"tile_waypoint_pad","assets/tiles/waypoint_pad.png","64x64","32x32","얹는 타일","웨이포인트","a circular stone teleport pad inlaid with glowing blue runes. Single object drawn small and centred, seen from a 3/4 top-down angle. Subject fully isolated on a pure flat #00FF00 background (nothing else in frame), so the background can be keyed out to transparent. Do not crop any part of the subject. The outer edge of the object must be ragged and irregular (not a filled square), because this is layered on top of a ground tile and the ground shows through around it. No ground, no grass, no base plate underneath. Flat vector game art, hand-painted storybook look, soft cel shading with two or three tone steps per surface, NO black outlines, NO gradients across the whole image, NO photorealism, NO 3D render, NO pixel art dithering. Warm saturated fantasy palette anchored on: grass #49a34a, deep leaf #3f9642, wood #8b5a2b, dark wood #6b4423, stone #8f97ab, cold stone #b7bfd0, water #7cc4ff, pale sky #cfe4ff, gold #ffd166, pale gold #ffe9a8, ember #c98a5c, arcane #c58cff, shadow #2a0c08. Clean readable silhouette that still reads at 1/4 size. Even ambient light from above, no cast shadow on the ground unless asked."
"npc_waypoint","assets/sprites/npc/waypoint.png","192x256","60x80","마을 사람","웨이포인트","A standing waypoint stone, one of the townsfolk of a small medieval fantasy town. 3/4 top-down view, full body, standing still and facing the camera, feet at the very bottom edge of the canvas. Subject fully isolated on a pure flat #00FF00 background (nothing else in frame), so the background can be keyed out to transparent. Do not crop any part of the subject. Friendly readable silhouette; the clothing colour is what players recognise them by, so keep one strong signature colour. Flat vector game art, hand-painted storybook look, soft cel shading with two or three tone steps per surface, NO black outlines, NO gradients across the whole image, NO photorealism, NO 3D render, NO pixel art dithering. Warm saturated fantasy palette anchored on: grass #49a34a, deep leaf #3f9642, wood #8b5a2b, dark wood #6b4423, stone #8f97ab, cold stone #b7bfd0, water #7cc4ff, pale sky #cfe4ff, gold #ffd166, pale gold #ffe9a8, ember #c98a5c, arcane #c58cff, shadow #2a0c08. Clean readable silhouette that still reads at 1/4 size. Even ambient light from above, no cast shadow on the ground unless asked."
"npc_gate_merchant","assets/sprites/npc/gate_merchant.png","192x256","60x80","마을 사람","무기상","A merchant camped at the gate, one of the townsfolk of a small medieval fantasy town. 3/4 top-down view, full body, standing still and facing the camera, feet at the very bottom edge of the canvas. Subject fully isolated on a pure flat #00FF00 background (nothing else in frame), so the background can be keyed out to transparent. Do not crop any part of the subject. Friendly readable silhouette; the clothing colour is what players recognise them by, so keep one strong signature colour. Flat vector game art, hand-painted storybook look, soft cel shading with two or three tone steps per surface, NO black outlines, NO gradients across the whole image, NO photorealism, NO 3D render, NO pixel art dithering. Warm saturated fantasy palette anchored on: grass #49a34a, deep leaf #3f9642, wood #8b5a2b, dark wood #6b4423, stone #8f97ab, cold stone #b7bfd0, water #7cc4ff, pale sky #cfe4ff, gold #ffd166, pale gold #ffe9a8, ember #c98a5c, arcane #c58cff, shadow #2a0c08. Clean readable silhouette that still reads at 1/4 size. Even ambient light from above, no cast shadow on the ground unless asked."
"item_dragon_helm","assets/ui/items/dragon_helm.png","128x128","64x64","물건 아이콘","용린 투구","A dragon helm (armor, worn on the helmet) — fine craftsmanship, blue-steel sheen and a small inlaid stone. Single game inventory icon, one object only, floating centred with a small even margin on all four sides, seen from a slight 3/4 angle. Subject fully isolated on a pure flat #00FF00 background (nothing else in frame), so the background can be keyed out to transparent. Do not crop any part of the subject. No hand holding it, no pedestal, no text, no rarity frame, no glow border. It must still be recognisable shrunk to 1/4 size, so keep the silhouette simple and the local colour strong. Flat vector game art, hand-painted storybook look, soft cel shading with two or three tone steps per surface, NO black outlines, NO gradients across the whole image, NO photorealism, NO 3D render, NO pixel art dithering. Warm saturated fantasy palette anchored on: grass #49a34a, deep leaf #3f9642, wood #8b5a2b, dark wood #6b4423, stone #8f97ab, cold stone #b7bfd0, water #7cc4ff, pale sky #cfe4ff, gold #ffd166, pale gold #ffe9a8, ember #c98a5c, arcane #c58cff, shadow #2a0c08. Clean readable silhouette that still reads at 1/4 size. Even ambient light from above, no cast shadow on the ground unless asked."
"item_dragon_pauldron","assets/ui/items/dragon_pauldron.png","128x128","64x64","물건 아이콘","용린 어깨갑옷","A dragon pauldron (armor, worn on the shoulder) — fine craftsmanship, blue-steel sheen and a small inlaid stone. Single game inventory icon, one object only, floating centred with a small even margin on all four sides, seen from a slight 3/4 angle. Subject fully isolated on a pure flat #00FF00 background (nothing else in frame), so the background can be keyed out to transparent. Do not crop any part of the subject. No hand holding it, no pedestal, no text, no rarity frame, no glow border. It must still be recognisable shrunk to 1/4 size, so keep the silhouette simple and the local colour strong. Flat vector game art, hand-painted storybook look, soft cel shading with two or three tone steps per surface, NO black outlines, NO gradients across the whole image, NO photorealism, NO 3D render, NO pixel art dithering. Warm saturated fantasy palette anchored on: grass #49a34a, deep leaf #3f9642, wood #8b5a2b, dark wood #6b4423, stone #8f97ab, cold stone #b7bfd0, water #7cc4ff, pale sky #cfe4ff, gold #ffd166, pale gold #ffe9a8, ember #c98a5c, arcane #c58cff, shadow #2a0c08. Clean readable silhouette that still reads at 1/4 size. Even ambient light from above, no cast shadow on the ground unless asked."
"item_useless_sword","assets/ui/items/useless_sword.png","128x128","64x64","물건 아이콘","쓸모없는 검","A bent and notched junk sword (weapon) — fine craftsmanship, blue-steel sheen and a small inlaid stone. Single game inventory icon, one object only, floating centred with a small even margin on all four sides, seen from a slight 3/4 angle. Subject fully isolated on a pure flat #00FF00 background (nothing else in frame), so the background can be keyed out to transparent. Do not crop any part of the subject. No hand holding it, no pedestal, no text, no rarity frame, no glow border. It must still be recognisable shrunk to 1/4 size, so keep the silhouette simple and the local colour strong. Flat vector game art, hand-painted storybook look, soft cel shading with two or three tone steps per surface, NO black outlines, NO gradients across the whole image, NO photorealism, NO 3D render, NO pixel art dithering. Warm saturated fantasy palette anchored on: grass #49a34a, deep leaf #3f9642, wood #8b5a2b, dark wood #6b4423, stone #8f97ab, cold stone #b7bfd0, water #7cc4ff, pale sky #cfe4ff, gold #ffd166, pale gold #ffe9a8, ember #c98a5c, arcane #c58cff, shadow #2a0c08. Clean readable silhouette that still reads at 1/4 size. Even ambient light from above, no cast shadow on the ground unless asked."
"item_dragon_knight_sword","assets/ui/items/dragon_knight_sword.png","128x128","64x64","물건 아이콘","용린 기사검","A dragon knight sword (weapon) — fine craftsmanship, blue-steel sheen and a small inlaid stone. Single game inventory icon, one object only, floating centred with a small even margin on all four sides, seen from a slight 3/4 angle. Subject fully isolated on a pure flat #00FF00 background (nothing else in frame), so the background can be keyed out to transparent. Do not crop any part of the subject. No hand holding it, no pedestal, no text, no rarity frame, no glow border. It must still be recognisable shrunk to 1/4 size, so keep the silhouette simple and the local colour strong. Flat vector game art, hand-painted storybook look, soft cel shading with two or three tone steps per surface, NO black outlines, NO gradients across the whole image, NO photorealism, NO 3D render, NO pixel art dithering. Warm saturated fantasy palette anchored on: grass #49a34a, deep leaf #3f9642, wood #8b5a2b, dark wood #6b4423, stone #8f97ab, cold stone #b7bfd0, water #7cc4ff, pale sky #cfe4ff, gold #ffd166, pale gold #ffe9a8, ember #c98a5c, arcane #c58cff, shadow #2a0c08. Clean readable silhouette that still reads at 1/4 size. Even ambient light from above, no cast shadow on the ground unless asked."
"item_dragon_knight_bow","assets/ui/items/dragon_knight_bow.png","128x128","64x64","물건 아이콘","용린 기사궁","A dragon knight bow (weapon) — fine craftsmanship, blue-steel sheen and a small inlaid stone. Single game inventory icon, one object only, floating centred with a small even margin on all four sides, seen from a slight 3/4 angle. Subject fully isolated on a pure flat #00FF00 background (nothing else in frame), so the background can be keyed out to transparent. Do not crop any part of the subject. No hand holding it, no pedestal, no text, no rarity frame, no glow border. It must still be recognisable shrunk to 1/4 size, so keep the silhouette simple and the local colour strong. Flat vector game art, hand-painted storybook look, soft cel shading with two or three tone steps per surface, NO black outlines, NO gradients across the whole image, NO photorealism, NO 3D render, NO pixel art dithering. Warm saturated fantasy palette anchored on: grass #49a34a, deep leaf #3f9642, wood #8b5a2b, dark wood #6b4423, stone #8f97ab, cold stone #b7bfd0, water #7cc4ff, pale sky #cfe4ff, gold #ffd166, pale gold #ffe9a8, ember #c98a5c, arcane #c58cff, shadow #2a0c08. Clean readable silhouette that still reads at 1/4 size. Even ambient light from above, no cast shadow on the ground unless asked."
"item_dragon_knight_staff","assets/ui/items/dragon_knight_staff.png","128x128","64x64","물건 아이콘","용린 기사장","A dragon knight staff (weapon) — fine craftsmanship, blue-steel sheen and a small inlaid stone. Single game inventory icon, one object only, floating centred with a small even margin on all four sides, seen from a slight 3/4 angle. Subject fully isolated on a pure flat #00FF00 background (nothing else in frame), so the background can be keyed out to transparent. Do not crop any part of the subject. No hand holding it, no pedestal, no text, no rarity frame, no glow border. It must still be recognisable shrunk to 1/4 size, so keep the silhouette simple and the local colour strong. Flat vector game art, hand-painted storybook look, soft cel shading with two or three tone steps per surface, NO black outlines, NO gradients across the whole image, NO photorealism, NO 3D render, NO pixel art dithering. Warm saturated fantasy palette anchored on: grass #49a34a, deep leaf #3f9642, wood #8b5a2b, dark wood #6b4423, stone #8f97ab, cold stone #b7bfd0, water #7cc4ff, pale sky #cfe4ff, gold #ffd166, pale gold #ffe9a8, ember #c98a5c, arcane #c58cff, shadow #2a0c08. Clean readable silhouette that still reads at 1/4 size. Even ambient light from above, no cast shadow on the ground unless asked."
"item_magic_helm","assets/ui/items/magic_helm.png","128x128","64x64","물건 아이콘","매직 투구","A magic helm (armor, worn on the helmet) — fine craftsmanship, blue-steel sheen and a small inlaid stone. Enchanted: a warm protective golden aura. Single game inventory icon, one object only, floating centred with a small even margin on all four sides, seen from a slight 3/4 angle. Subject fully isolated on a pure flat #00FF00 background (nothing else in frame), so the background can be keyed out to transparent. Do not crop any part of the subject. No hand holding it, no pedestal, no text, no rarity frame, no glow border. It must still be recognisable shrunk to 1/4 size, so keep the silhouette simple and the local colour strong. Flat vector game art, hand-painted storybook look, soft cel shading with two or three tone steps per surface, NO black outlines, NO gradients across the whole image, NO photorealism, NO 3D render, NO pixel art dithering. Warm saturated fantasy palette anchored on: grass #49a34a, deep leaf #3f9642, wood #8b5a2b, dark wood #6b4423, stone #8f97ab, cold stone #b7bfd0, water #7cc4ff, pale sky #cfe4ff, gold #ffd166, pale gold #ffe9a8, ember #c98a5c, arcane #c58cff, shadow #2a0c08. Clean readable silhouette that still reads at 1/4 size. Even ambient light from above, no cast shadow on the ground unless asked."
"item_cloth_hood","assets/ui/items/cloth_hood.png","128x128","64x64","물건 아이콘","천 두건","A cloth hood (armor, worn on the helmet) — plain everyday craftsmanship, muted colours, no gems. Single game inventory icon, one object only, floating centred with a small even margin on all four sides, seen from a slight 3/4 angle. Subject fully isolated on a pure flat #00FF00 background (nothing else in frame), so the background can be keyed out to transparent. Do not crop any part of the subject. No hand holding it, no pedestal, no text, no rarity frame, no glow border. It must still be recognisable shrunk to 1/4 size, so keep the silhouette simple and the local colour strong. Flat vector game art, hand-painted storybook look, soft cel shading with two or three tone steps per surface, NO black outlines, NO gradients across the whole image, NO photorealism, NO 3D render, NO pixel art dithering. Warm saturated fantasy palette anchored on: grass #49a34a, deep leaf #3f9642, wood #8b5a2b, dark wood #6b4423, stone #8f97ab, cold stone #b7bfd0, water #7cc4ff, pale sky #cfe4ff, gold #ffd166, pale gold #ffe9a8, ember #c98a5c, arcane #c58cff, shadow #2a0c08. Clean readable silhouette that still reads at 1/4 size. Even ambient light from above, no cast shadow on the ground unless asked."
"item_leather_cap","assets/ui/items/leather_cap.png","128x128","64x64","물건 아이콘","가죽 모자","A leather cap (armor, worn on the helmet) — decent craftsmanship, one small accent colour. Single game inventory icon, one object only, floating centred with a small even margin on all four sides, seen from a slight 3/4 angle. Subject fully isolated on a pure flat #00FF00 background (nothing else in frame), so the background can be keyed out to transparent. Do not crop any part of the subject. No hand holding it, no pedestal, no text, no rarity frame, no glow border. It must still be recognisable shrunk to 1/4 size, so keep the silhouette simple and the local colour strong. Flat vector game art, hand-painted storybook look, soft cel shading with two or three tone steps per surface, NO black outlines, NO gradients across the whole image, NO photorealism, NO 3D render, NO pixel art dithering. Warm saturated fantasy palette anchored on: grass #49a34a, deep leaf #3f9642, wood #8b5a2b, dark wood #6b4423, stone #8f97ab, cold stone #b7bfd0, water #7cc4ff, pale sky #cfe4ff, gold #ffd166, pale gold #ffe9a8, ember #c98a5c, arcane #c58cff, shadow #2a0c08. Clean readable silhouette that still reads at 1/4 size. Even ambient light from above, no cast shadow on the ground unless asked."
"item_knight_helm","assets/ui/items/knight_helm.png","128x128","64x64","물건 아이콘","기사 투구","A knight helm (armor, worn on the helmet) — fine craftsmanship, blue-steel sheen and a small inlaid stone. Single game inventory icon, one object only, floating centred with a small even margin on all four sides, seen from a slight 3/4 angle. Subject fully isolated on a pure flat #00FF00 background (nothing else in frame), so the background can be keyed out to transparent. Do not crop any part of the subject. No hand holding it, no pedestal, no text, no rarity frame, no glow border. It must still be recognisable shrunk to 1/4 size, so keep the silhouette simple and the local colour strong. Flat vector game art, hand-painted storybook look, soft cel shading with two or three tone steps per surface, NO black outlines, NO gradients across the whole image, NO photorealism, NO 3D render, NO pixel art dithering. Warm saturated fantasy palette anchored on: grass #49a34a, deep leaf #3f9642, wood #8b5a2b, dark wood #6b4423, stone #8f97ab, cold stone #b7bfd0, water #7cc4ff, pale sky #cfe4ff, gold #ffd166, pale gold #ffe9a8, ember #c98a5c, arcane #c58cff, shadow #2a0c08. Clean readable silhouette that still reads at 1/4 size. Even ambient light from above, no cast shadow on the ground unless asked."
"item_rune_helm","assets/ui/items/rune_helm.png","128x128","64x64","물건 아이콘","룬 투구","A rune helm (armor, worn on the helmet) — ornate, purple-arcane accents and engraved patterns. Enchanted: a warm protective golden aura. Single game inventory icon, one object only, floating centred with a small even margin on all four sides, seen from a slight 3/4 angle. Subject fully isolated on a pure flat #00FF00 background (nothing else in frame), so the background can be keyed out to transparent. Do not crop any part of the subject. No hand holding it, no pedestal, no text, no rarity frame, no glow border. It must still be recognisable shrunk to 1/4 size, so keep the silhouette simple and the local colour strong. Flat vector game art, hand-painted storybook look, soft cel shading with two or three tone steps per surface, NO black outlines, NO gradients across the whole image, NO photorealism, NO 3D render, NO pixel art dithering. Warm saturated fantasy palette anchored on: grass #49a34a, deep leaf #3f9642, wood #8b5a2b, dark wood #6b4423, stone #8f97ab, cold stone #b7bfd0, water #7cc4ff, pale sky #cfe4ff, gold #ffd166, pale gold #ffe9a8, ember #c98a5c, arcane #c58cff, shadow #2a0c08. Clean readable silhouette that still reads at 1/4 size. Even ambient light from above, no cast shadow on the ground unless asked."
"item_mega_potion","assets/ui/items/mega_potion.png","128x128","64x64","물건 아이콘","거대 회복약","A mega potion (consumable) — ornate, purple-arcane accents and engraved patterns. Single game inventory icon, one object only, floating centred with a small even margin on all four sides, seen from a slight 3/4 angle. Subject fully isolated on a pure flat #00FF00 background (nothing else in frame), so the background can be keyed out to transparent. Do not crop any part of the subject. No hand holding it, no pedestal, no text, no rarity frame, no glow border. It must still be recognisable shrunk to 1/4 size, so keep the silhouette simple and the local colour strong. Flat vector game art, hand-painted storybook look, soft cel shading with two or three tone steps per surface, NO black outlines, NO gradients across the whole image, NO photorealism, NO 3D render, NO pixel art dithering. Warm saturated fantasy palette anchored on: grass #49a34a, deep leaf #3f9642, wood #8b5a2b, dark wood #6b4423, stone #8f97ab, cold stone #b7bfd0, water #7cc4ff, pale sky #cfe4ff, gold #ffd166, pale gold #ffe9a8, ember #c98a5c, arcane #c58cff, shadow #2a0c08. Clean readable silhouette that still reads at 1/4 size. Even ambient light from above, no cast shadow on the ground unless asked."
"item_socket_drill","assets/ui/items/socket_drill.png","128x128","64x64","물건 아이콘","악마의 파편","A jeweller socket drill (material) — unmistakably legendary — gold filigree, glowing core, dramatic silhouette. Single game inventory icon, one object only, floating centred with a small even margin on all four sides, seen from a slight 3/4 angle. Subject fully isolated on a pure flat #00FF00 background (nothing else in frame), so the background can be keyed out to transparent. Do not crop any part of the subject. No hand holding it, no pedestal, no text, no rarity frame, no glow border. It must still be recognisable shrunk to 1/4 size, so keep the silhouette simple and the local colour strong. Flat vector game art, hand-painted storybook look, soft cel shading with two or three tone steps per surface, NO black outlines, NO gradients across the whole image, NO photorealism, NO 3D render, NO pixel art dithering. Warm saturated fantasy palette anchored on: grass #49a34a, deep leaf #3f9642, wood #8b5a2b, dark wood #6b4423, stone #8f97ab, cold stone #b7bfd0, water #7cc4ff, pale sky #cfe4ff, gold #ffd166, pale gold #ffe9a8, ember #c98a5c, arcane #c58cff, shadow #2a0c08. Clean readable silhouette that still reads at 1/4 size. Even ambient light from above, no cast shadow on the ground unless asked."
"item_frost_blade","assets/ui/items/frost_blade.png","128x128","64x64","물건 아이콘","서리검","A frost blade (weapon) — ornate, purple-arcane accents and engraved patterns. Enchanted: pale blue frost creeping along it. Single game inventory icon, one object only, floating centred with a small even margin on all four sides, seen from a slight 3/4 angle. Subject fully isolated on a pure flat #00FF00 background (nothing else in frame), so the background can be keyed out to transparent. Do not crop any part of the subject. No hand holding it, no pedestal, no text, no rarity frame, no glow border. It must still be recognisable shrunk to 1/4 size, so keep the silhouette simple and the local colour strong. Flat vector game art, hand-painted storybook look, soft cel shading with two or three tone steps per surface, NO black outlines, NO gradients across the whole image, NO photorealism, NO 3D render, NO pixel art dithering. Warm saturated fantasy palette anchored on: grass #49a34a, deep leaf #3f9642, wood #8b5a2b, dark wood #6b4423, stone #8f97ab, cold stone #b7bfd0, water #7cc4ff, pale sky #cfe4ff, gold #ffd166, pale gold #ffe9a8, ember #c98a5c, arcane #c58cff, shadow #2a0c08. Clean readable silhouette that still reads at 1/4 size. Even ambient light from above, no cast shadow on the ground unless asked."
"item_storm_bow","assets/ui/items/storm_bow.png","128x128","64x64","물건 아이콘","뇌전궁","A storm bow (weapon) — ornate, purple-arcane accents and engraved patterns. Enchanted: crackling white-violet lightning. Single game inventory icon, one object only, floating centred with a small even margin on all four sides, seen from a slight 3/4 angle. Subject fully isolated on a pure flat #00FF00 background (nothing else in frame), so the background can be keyed out to transparent. Do not crop any part of the subject. No hand holding it, no pedestal, no text, no rarity frame, no glow border. It must still be recognisable shrunk to 1/4 size, so keep the silhouette simple and the local colour strong. Flat vector game art, hand-painted storybook look, soft cel shading with two or three tone steps per surface, NO black outlines, NO gradients across the whole image, NO photorealism, NO 3D render, NO pixel art dithering. Warm saturated fantasy palette anchored on: grass #49a34a, deep leaf #3f9642, wood #8b5a2b, dark wood #6b4423, stone #8f97ab, cold stone #b7bfd0, water #7cc4ff, pale sky #cfe4ff, gold #ffd166, pale gold #ffe9a8, ember #c98a5c, arcane #c58cff, shadow #2a0c08. Clean readable silhouette that still reads at 1/4 size. Even ambient light from above, no cast shadow on the ground unless asked."
"item_ember_staff","assets/ui/items/ember_staff.png","128x128","64x64","물건 아이콘","성염 지팡이","An ember staff (weapon) — ornate, purple-arcane accents and engraved patterns. Enchanted: holy white-gold flame. Single game inventory icon, one object only, floating centred with a small even margin on all four sides, seen from a slight 3/4 angle. Subject fully isolated on a pure flat #00FF00 background (nothing else in frame), so the background can be keyed out to transparent. Do not crop any part of the subject. No hand holding it, no pedestal, no text, no rarity frame, no glow border. It must still be recognisable shrunk to 1/4 size, so keep the silhouette simple and the local colour strong. Flat vector game art, hand-painted storybook look, soft cel shading with two or three tone steps per surface, NO black outlines, NO gradients across the whole image, NO photorealism, NO 3D render, NO pixel art dithering. Warm saturated fantasy palette anchored on: grass #49a34a, deep leaf #3f9642, wood #8b5a2b, dark wood #6b4423, stone #8f97ab, cold stone #b7bfd0, water #7cc4ff, pale sky #cfe4ff, gold #ffd166, pale gold #ffe9a8, ember #c98a5c, arcane #c58cff, shadow #2a0c08. Clean readable silhouette that still reads at 1/4 size. Even ambient light from above, no cast shadow on the ground unless asked."
"item_rune_mail","assets/ui/items/rune_mail.png","128x128","64x64","물건 아이콘","룬 갑옷","A rune mail (armor) — ornate, purple-arcane accents and engraved patterns. Enchanted: a warm protective golden aura. Single game inventory icon, one object only, floating centred with a small even margin on all four sides, seen from a slight 3/4 angle. Subject fully isolated on a pure flat #00FF00 background (nothing else in frame), so the background can be keyed out to transparent. Do not crop any part of the subject. No hand holding it, no pedestal, no text, no rarity frame, no glow border. It must still be recognisable shrunk to 1/4 size, so keep the silhouette simple and the local colour strong. Flat vector game art, hand-painted storybook look, soft cel shading with two or three tone steps per surface, NO black outlines, NO gradients across the whole image, NO photorealism, NO 3D render, NO pixel art dithering. Warm saturated fantasy palette anchored on: grass #49a34a, deep leaf #3f9642, wood #8b5a2b, dark wood #6b4423, stone #8f97ab, cold stone #b7bfd0, water #7cc4ff, pale sky #cfe4ff, gold #ffd166, pale gold #ffe9a8, ember #c98a5c, arcane #c58cff, shadow #2a0c08. Clean readable silhouette that still reads at 1/4 size. Even ambient light from above, no cast shadow on the ground unless asked."
"item_dragonslayer","assets/ui/items/dragonslayer.png","128x128","64x64","물건 아이콘","용살자","A dragonslayer (weapon) — unmistakably legendary — gold filigree, glowing core, dramatic silhouette. Enchanted: pale blue frost creeping along it. Single game inventory icon, one object only, floating centred with a small even margin on all four sides, seen from a slight 3/4 angle. Subject fully isolated on a pure flat #00FF00 background (nothing else in frame), so the background can be keyed out to transparent. Do not crop any part of the subject. No hand holding it, no pedestal, no text, no rarity frame, no glow border. It must still be recognisable shrunk to 1/4 size, so keep the silhouette simple and the local colour strong. Flat vector game art, hand-painted storybook look, soft cel shading with two or three tone steps per surface, NO black outlines, NO gradients across the whole image, NO photorealism, NO 3D render, NO pixel art dithering. Warm saturated fantasy palette anchored on: grass #49a34a, deep leaf #3f9642, wood #8b5a2b, dark wood #6b4423, stone #8f97ab, cold stone #b7bfd0, water #7cc4ff, pale sky #cfe4ff, gold #ffd166, pale gold #ffe9a8, ember #c98a5c, arcane #c58cff, shadow #2a0c08. Clean readable silhouette that still reads at 1/4 size. Even ambient light from above, no cast shadow on the ground unless asked."
"item_skypiercer","assets/ui/items/skypiercer.png","128x128","64x64","물건 아이콘","천공궁","A skypiercer (weapon) — unmistakably legendary — gold filigree, glowing core, dramatic silhouette. Enchanted: crackling white-violet lightning. Single game inventory icon, one object only, floating centred with a small even margin on all four sides, seen from a slight 3/4 angle. Subject fully isolated on a pure flat #00FF00 background (nothing else in frame), so the background can be keyed out to transparent. Do not crop any part of the subject. No hand holding it, no pedestal, no text, no rarity frame, no glow border. It must still be recognisable shrunk to 1/4 size, so keep the silhouette simple and the local colour strong. Flat vector game art, hand-painted storybook look, soft cel shading with two or three tone steps per surface, NO black outlines, NO gradients across the whole image, NO photorealism, NO 3D render, NO pixel art dithering. Warm saturated fantasy palette anchored on: grass #49a34a, deep leaf #3f9642, wood #8b5a2b, dark wood #6b4423, stone #8f97ab, cold stone #b7bfd0, water #7cc4ff, pale sky #cfe4ff, gold #ffd166, pale gold #ffe9a8, ember #c98a5c, arcane #c58cff, shadow #2a0c08. Clean readable silhouette that still reads at 1/4 size. Even ambient light from above, no cast shadow on the ground unless asked."
"item_worldtree_staff","assets/ui/items/worldtree_staff.png","128x128","64x64","물건 아이콘","세계수 지팡이","A worldtree staff (weapon) — unmistakably legendary — gold filigree, glowing core, dramatic silhouette. Enchanted: holy white-gold flame. Single game inventory icon, one object only, floating centred with a small even margin on all four sides, seen from a slight 3/4 angle. Subject fully isolated on a pure flat #00FF00 background (nothing else in frame), so the background can be keyed out to transparent. Do not crop any part of the subject. No hand holding it, no pedestal, no text, no rarity frame, no glow border. It must still be recognisable shrunk to 1/4 size, so keep the silhouette simple and the local colour strong. Flat vector game art, hand-painted storybook look, soft cel shading with two or three tone steps per surface, NO black outlines, NO gradients across the whole image, NO photorealism, NO 3D render, NO pixel art dithering. Warm saturated fantasy palette anchored on: grass #49a34a, deep leaf #3f9642, wood #8b5a2b, dark wood #6b4423, stone #8f97ab, cold stone #b7bfd0, water #7cc4ff, pale sky #cfe4ff, gold #ffd166, pale gold #ffe9a8, ember #c98a5c, arcane #c58cff, shadow #2a0c08. Clean readable silhouette that still reads at 1/4 size. Even ambient light from above, no cast shadow on the ground unless asked."
"item_dragonscale_plate","assets/ui/items/dragonscale_plate.png","128x128","64x64","물건 아이콘","용비늘 성갑","A dragonscale plate (armor) — unmistakably legendary — gold filigree, glowing core, dramatic silhouette. Enchanted: a warm protective golden aura. Single game inventory icon, one object only, floating centred with a small even margin on all four sides, seen from a slight 3/4 angle. Subject fully isolated on a pure flat #00FF00 background (nothing else in frame), so the background can be keyed out to transparent. Do not crop any part of the subject. No hand holding it, no pedestal, no text, no rarity frame, no glow border. It must still be recognisable shrunk to 1/4 size, so keep the silhouette simple and the local colour strong. Flat vector game art, hand-painted storybook look, soft cel shading with two or three tone steps per surface, NO black outlines, NO gradients across the whole image, NO photorealism, NO 3D render, NO pixel art dithering. Warm saturated fantasy palette anchored on: grass #49a34a, deep leaf #3f9642, wood #8b5a2b, dark wood #6b4423, stone #8f97ab, cold stone #b7bfd0, water #7cc4ff, pale sky #cfe4ff, gold #ffd166, pale gold #ffe9a8, ember #c98a5c, arcane #c58cff, shadow #2a0c08. Clean readable silhouette that still reads at 1/4 size. Even ambient light from above, no cast shadow on the ground unless asked."
"item_rune_pauldron","assets/ui/items/rune_pauldron.png","128x128","64x64","물건 아이콘","룬 어깨갑옷","A rune pauldron (armor, worn on the shoulder) — ornate, purple-arcane accents and engraved patterns. Enchanted: a warm protective golden aura. Single game inventory icon, one object only, floating centred with a small even margin on all four sides, seen from a slight 3/4 angle. Subject fully isolated on a pure flat #00FF00 background (nothing else in frame), so the background can be keyed out to transparent. Do not crop any part of the subject. No hand holding it, no pedestal, no text, no rarity frame, no glow border. It must still be recognisable shrunk to 1/4 size, so keep the silhouette simple and the local colour strong. Flat vector game art, hand-painted storybook look, soft cel shading with two or three tone steps per surface, NO black outlines, NO gradients across the whole image, NO photorealism, NO 3D render, NO pixel art dithering. Warm saturated fantasy palette anchored on: grass #49a34a, deep leaf #3f9642, wood #8b5a2b, dark wood #6b4423, stone #8f97ab, cold stone #b7bfd0, water #7cc4ff, pale sky #cfe4ff, gold #ffd166, pale gold #ffe9a8, ember #c98a5c, arcane #c58cff, shadow #2a0c08. Clean readable silhouette that still reads at 1/4 size. Even ambient light from above, no cast shadow on the ground unless asked."
"item_rune_gauntlet","assets/ui/items/rune_gauntlet.png","128x128","64x64","물건 아이콘","룬 건틀릿","A rune gauntlet (armor, worn on the gloves) — ornate, purple-arcane accents and engraved patterns. Enchanted: heavy red-hot strength runes. Single game inventory icon, one object only, floating centred with a small even margin on all four sides, seen from a slight 3/4 angle. Subject fully isolated on a pure flat #00FF00 background (nothing else in frame), so the background can be keyed out to transparent. Do not crop any part of the subject. No hand holding it, no pedestal, no text, no rarity frame, no glow border. It must still be recognisable shrunk to 1/4 size, so keep the silhouette simple and the local colour strong. Flat vector game art, hand-painted storybook look, soft cel shading with two or three tone steps per surface, NO black outlines, NO gradients across the whole image, NO photorealism, NO 3D render, NO pixel art dithering. Warm saturated fantasy palette anchored on: grass #49a34a, deep leaf #3f9642, wood #8b5a2b, dark wood #6b4423, stone #8f97ab, cold stone #b7bfd0, water #7cc4ff, pale sky #cfe4ff, gold #ffd166, pale gold #ffe9a8, ember #c98a5c, arcane #c58cff, shadow #2a0c08. Clean readable silhouette that still reads at 1/4 size. Even ambient light from above, no cast shadow on the ground unless asked."
"item_rune_boots","assets/ui/items/rune_boots.png","128x128","64x64","물건 아이콘","룬 부츠","A rune boots (armor, worn on the boots) — ornate, purple-arcane accents and engraved patterns. Enchanted: streaks of pale green wind. Single game inventory icon, one object only, floating centred with a small even margin on all four sides, seen from a slight 3/4 angle. Subject fully isolated on a pure flat #00FF00 background (nothing else in frame), so the background can be keyed out to transparent. Do not crop any part of the subject. No hand holding it, no pedestal, no text, no rarity frame, no glow border. It must still be recognisable shrunk to 1/4 size, so keep the silhouette simple and the local colour strong. Flat vector game art, hand-painted storybook look, soft cel shading with two or three tone steps per surface, NO black outlines, NO gradients across the whole image, NO photorealism, NO 3D render, NO pixel art dithering. Warm saturated fantasy palette anchored on: grass #49a34a, deep leaf #3f9642, wood #8b5a2b, dark wood #6b4423, stone #8f97ab, cold stone #b7bfd0, water #7cc4ff, pale sky #cfe4ff, gold #ffd166, pale gold #ffe9a8, ember #c98a5c, arcane #c58cff, shadow #2a0c08. Clean readable silhouette that still reads at 1/4 size. Even ambient light from above, no cast shadow on the ground unless asked."
"item_rune_belt","assets/ui/items/rune_belt.png","128x128","64x64","물건 아이콘","룬 허리띠","A rune belt (accessory, worn on the belt) — ornate, purple-arcane accents and engraved patterns. Enchanted: swirling violet arcane light. Single game inventory icon, one object only, floating centred with a small even margin on all four sides, seen from a slight 3/4 angle. Subject fully isolated on a pure flat #00FF00 background (nothing else in frame), so the background can be keyed out to transparent. Do not crop any part of the subject. No hand holding it, no pedestal, no text, no rarity frame, no glow border. It must still be recognisable shrunk to 1/4 size, so keep the silhouette simple and the local colour strong. Flat vector game art, hand-painted storybook look, soft cel shading with two or three tone steps per surface, NO black outlines, NO gradients across the whole image, NO photorealism, NO 3D render, NO pixel art dithering. Warm saturated fantasy palette anchored on: grass #49a34a, deep leaf #3f9642, wood #8b5a2b, dark wood #6b4423, stone #8f97ab, cold stone #b7bfd0, water #7cc4ff, pale sky #cfe4ff, gold #ffd166, pale gold #ffe9a8, ember #c98a5c, arcane #c58cff, shadow #2a0c08. Clean readable silhouette that still reads at 1/4 size. Even ambient light from above, no cast shadow on the ground unless asked."
"item_rune_amulet","assets/ui/items/rune_amulet.png","128x128","64x64","물건 아이콘","룬 목걸이","A rune amulet (accessory, worn on the necklace) — ornate, purple-arcane accents and engraved patterns. Enchanted: a soft white blessing glow. Single game inventory icon, one object only, floating centred with a small even margin on all four sides, seen from a slight 3/4 angle. Subject fully isolated on a pure flat #00FF00 background (nothing else in frame), so the background can be keyed out to transparent. Do not crop any part of the subject. No hand holding it, no pedestal, no text, no rarity frame, no glow border. It must still be recognisable shrunk to 1/4 size, so keep the silhouette simple and the local colour strong. Flat vector game art, hand-painted storybook look, soft cel shading with two or three tone steps per surface, NO black outlines, NO gradients across the whole image, NO photorealism, NO 3D render, NO pixel art dithering. Warm saturated fantasy palette anchored on: grass #49a34a, deep leaf #3f9642, wood #8b5a2b, dark wood #6b4423, stone #8f97ab, cold stone #b7bfd0, water #7cc4ff, pale sky #cfe4ff, gold #ffd166, pale gold #ffe9a8, ember #c98a5c, arcane #c58cff, shadow #2a0c08. Clean readable silhouette that still reads at 1/4 size. Even ambient light from above, no cast shadow on the ground unless asked."
"item_greater_potion","assets/ui/items/greater_potion.png","128x128","64x64","물건 아이콘","희귀 회복약","A greater potion (consumable) — fine craftsmanship, blue-steel sheen and a small inlaid stone. Single game inventory icon, one object only, floating centred with a small even margin on all four sides, seen from a slight 3/4 angle. Subject fully isolated on a pure flat #00FF00 background (nothing else in frame), so the background can be keyed out to transparent. Do not crop any part of the subject. No hand holding it, no pedestal, no text, no rarity frame, no glow border. It must still be recognisable shrunk to 1/4 size, so keep the silhouette simple and the local colour strong. Flat vector game art, hand-painted storybook look, soft cel shading with two or three tone steps per surface, NO black outlines, NO gradients across the whole image, NO photorealism, NO 3D render, NO pixel art dithering. Warm saturated fantasy palette anchored on: grass #49a34a, deep leaf #3f9642, wood #8b5a2b, dark wood #6b4423, stone #8f97ab, cold stone #b7bfd0, water #7cc4ff, pale sky #cfe4ff, gold #ffd166, pale gold #ffe9a8, ember #c98a5c, arcane #c58cff, shadow #2a0c08. Clean readable silhouette that still reads at 1/4 size. Even ambient light from above, no cast shadow on the ground unless asked."
"item_dragon_ring","assets/ui/items/dragon_ring.png","128x128","64x64","물건 아이콘","용의 인장","A dragon ring (accessory, worn on the ring) — ornate, purple-arcane accents and engraved patterns. Enchanted: deep red dragon-blood veins glowing through it. Single game inventory icon, one object only, floating centred with a small even margin on all four sides, seen from a slight 3/4 angle. Subject fully isolated on a pure flat #00FF00 background (nothing else in frame), so the background can be keyed out to transparent. Do not crop any part of the subject. No hand holding it, no pedestal, no text, no rarity frame, no glow border. It must still be recognisable shrunk to 1/4 size, so keep the silhouette simple and the local colour strong. Flat vector game art, hand-painted storybook look, soft cel shading with two or three tone steps per surface, NO black outlines, NO gradients across the whole image, NO photorealism, NO 3D render, NO pixel art dithering. Warm saturated fantasy palette anchored on: grass #49a34a, deep leaf #3f9642, wood #8b5a2b, dark wood #6b4423, stone #8f97ab, cold stone #b7bfd0, water #7cc4ff, pale sky #cfe4ff, gold #ffd166, pale gold #ffe9a8, ember #c98a5c, arcane #c58cff, shadow #2a0c08. Clean readable silhouette that still reads at 1/4 size. Even ambient light from above, no cast shadow on the ground unless asked."
"tile_stall_weapon","assets/tiles/stall_weapon.png","90x90","45x45","키 큰 타일","무기 가판대","an open-air market stall with weapons racked on it. Tall object standing on the ground, seen from a 3/4 top-down angle, drawn so that the base sits at the very bottom edge of the canvas and the top is free. Subject fully isolated on a pure flat #00FF00 background (nothing else in frame), so the background can be keyed out to transparent. Do not crop any part of the subject. No ground plate, no shadow disc under it. Flat vector game art, hand-painted storybook look, soft cel shading with two or three tone steps per surface, NO black outlines, NO gradients across the whole image, NO photorealism, NO 3D render, NO pixel art dithering. Warm saturated fantasy palette anchored on: grass #49a34a, deep leaf #3f9642, wood #8b5a2b, dark wood #6b4423, stone #8f97ab, cold stone #b7bfd0, water #7cc4ff, pale sky #cfe4ff, gold #ffd166, pale gold #ffe9a8, ember #c98a5c, arcane #c58cff, shadow #2a0c08. Clean readable silhouette that still reads at 1/4 size. Even ambient light from above, no cast shadow on the ground unless asked."
"tile_stall_armor","assets/tiles/stall_armor.png","90x90","45x45","키 큰 타일","방어구 가판대","an open-air market stall with armour pieces laid out. Tall object standing on the ground, seen from a 3/4 top-down angle, drawn so that the base sits at the very bottom edge of the canvas and the top is free. Subject fully isolated on a pure flat #00FF00 background (nothing else in frame), so the background can be keyed out to transparent. Do not crop any part of the subject. No ground plate, no shadow disc under it. Flat vector game art, hand-painted storybook look, soft cel shading with two or three tone steps per surface, NO black outlines, NO gradients across the whole image, NO photorealism, NO 3D render, NO pixel art dithering. Warm saturated fantasy palette anchored on: grass #49a34a, deep leaf #3f9642, wood #8b5a2b, dark wood #6b4423, stone #8f97ab, cold stone #b7bfd0, water #7cc4ff, pale sky #cfe4ff, gold #ffd166, pale gold #ffe9a8, ember #c98a5c, arcane #c58cff, shadow #2a0c08. Clean readable silhouette that still reads at 1/4 size. Even ambient light from above, no cast shadow on the ground unless asked."
"item_gem_ruby","assets/ui/items/gem_ruby.png","128x128","64x64","물건 아이콘","루비","A gem ruby (material) — ornate, purple-arcane accents and engraved patterns. Single game inventory icon, one object only, floating centred with a small even margin on all four sides, seen from a slight 3/4 angle. Subject fully isolated on a pure flat #00FF00 background (nothing else in frame), so the background can be keyed out to transparent. Do not crop any part of the subject. No hand holding it, no pedestal, no text, no rarity frame, no glow border. It must still be recognisable shrunk to 1/4 size, so keep the silhouette simple and the local colour strong. Flat vector game art, hand-painted storybook look, soft cel shading with two or three tone steps per surface, NO black outlines, NO gradients across the whole image, NO photorealism, NO 3D render, NO pixel art dithering. Warm saturated fantasy palette anchored on: grass #49a34a, deep leaf #3f9642, wood #8b5a2b, dark wood #6b4423, stone #8f97ab, cold stone #b7bfd0, water #7cc4ff, pale sky #cfe4ff, gold #ffd166, pale gold #ffe9a8, ember #c98a5c, arcane #c58cff, shadow #2a0c08. Clean readable silhouette that still reads at 1/4 size. Even ambient light from above, no cast shadow on the ground unless asked."
"item_gem_sapphire","assets/ui/items/gem_sapphire.png","128x128","64x64","물건 아이콘","사파이어","A gem sapphire (material) — ornate, purple-arcane accents and engraved patterns. Single game inventory icon, one object only, floating centred with a small even margin on all four sides, seen from a slight 3/4 angle. Subject fully isolated on a pure flat #00FF00 background (nothing else in frame), so the background can be keyed out to transparent. Do not crop any part of the subject. No hand holding it, no pedestal, no text, no rarity frame, no glow border. It must still be recognisable shrunk to 1/4 size, so keep the silhouette simple and the local colour strong. Flat vector game art, hand-painted storybook look, soft cel shading with two or three tone steps per surface, NO black outlines, NO gradients across the whole image, NO photorealism, NO 3D render, NO pixel art dithering. Warm saturated fantasy palette anchored on: grass #49a34a, deep leaf #3f9642, wood #8b5a2b, dark wood #6b4423, stone #8f97ab, cold stone #b7bfd0, water #7cc4ff, pale sky #cfe4ff, gold #ffd166, pale gold #ffe9a8, ember #c98a5c, arcane #c58cff, shadow #2a0c08. Clean readable silhouette that still reads at 1/4 size. Even ambient light from above, no cast shadow on the ground unless asked."
"item_gem_emerald","assets/ui/items/gem_emerald.png","128x128","64x64","물건 아이콘","에메랄드","A gem emerald (material) — ornate, purple-arcane accents and engraved patterns. Single game inventory icon, one object only, floating centred with a small even margin on all four sides, seen from a slight 3/4 angle. Subject fully isolated on a pure flat #00FF00 background (nothing else in frame), so the background can be keyed out to transparent. Do not crop any part of the subject. No hand holding it, no pedestal, no text, no rarity frame, no glow border. It must still be recognisable shrunk to 1/4 size, so keep the silhouette simple and the local colour strong. Flat vector game art, hand-painted storybook look, soft cel shading with two or three tone steps per surface, NO black outlines, NO gradients across the whole image, NO photorealism, NO 3D render, NO pixel art dithering. Warm saturated fantasy palette anchored on: grass #49a34a, deep leaf #3f9642, wood #8b5a2b, dark wood #6b4423, stone #8f97ab, cold stone #b7bfd0, water #7cc4ff, pale sky #cfe4ff, gold #ffd166, pale gold #ffe9a8, ember #c98a5c, arcane #c58cff, shadow #2a0c08. Clean readable silhouette that still reads at 1/4 size. Even ambient light from above, no cast shadow on the ground unless asked."
"item_gem_topaz","assets/ui/items/gem_topaz.png","128x128","64x64","물건 아이콘","토파즈","A gem topaz (material) — ornate, purple-arcane accents and engraved patterns. Single game inventory icon, one object only, floating centred with a small even margin on all four sides, seen from a slight 3/4 angle. Subject fully isolated on a pure flat #00FF00 background (nothing else in frame), so the background can be keyed out to transparent. Do not crop any part of the subject. No hand holding it, no pedestal, no text, no rarity frame, no glow border. It must still be recognisable shrunk to 1/4 size, so keep the silhouette simple and the local colour strong. Flat vector game art, hand-painted storybook look, soft cel shading with two or three tone steps per surface, NO black outlines, NO gradients across the whole image, NO photorealism, NO 3D render, NO pixel art dithering. Warm saturated fantasy palette anchored on: grass #49a34a, deep leaf #3f9642, wood #8b5a2b, dark wood #6b4423, stone #8f97ab, cold stone #b7bfd0, water #7cc4ff, pale sky #cfe4ff, gold #ffd166, pale gold #ffe9a8, ember #c98a5c, arcane #c58cff, shadow #2a0c08. Clean readable silhouette that still reads at 1/4 size. Even ambient light from above, no cast shadow on the ground unless asked."
"item_gem_amethyst","assets/ui/items/gem_amethyst.png","128x128","64x64","물건 아이콘","자수정","A gem amethyst (material) — ornate, purple-arcane accents and engraved patterns. Single game inventory icon, one object only, floating centred with a small even margin on all four sides, seen from a slight 3/4 angle. Subject fully isolated on a pure flat #00FF00 background (nothing else in frame), so the background can be keyed out to transparent. Do not crop any part of the subject. No hand holding it, no pedestal, no text, no rarity frame, no glow border. It must still be recognisable shrunk to 1/4 size, so keep the silhouette simple and the local colour strong. Flat vector game art, hand-painted storybook look, soft cel shading with two or three tone steps per surface, NO black outlines, NO gradients across the whole image, NO photorealism, NO 3D render, NO pixel art dithering. Warm saturated fantasy palette anchored on: grass #49a34a, deep leaf #3f9642, wood #8b5a2b, dark wood #6b4423, stone #8f97ab, cold stone #b7bfd0, water #7cc4ff, pale sky #cfe4ff, gold #ffd166, pale gold #ffe9a8, ember #c98a5c, arcane #c58cff, shadow #2a0c08. Clean readable silhouette that still reads at 1/4 size. Even ambient light from above, no cast shadow on the ground unless asked."
"item_gem_onyx","assets/ui/items/gem_onyx.png","128x128","64x64","물건 아이콘","오닉스","A gem onyx (material) — ornate, purple-arcane accents and engraved patterns. Single game inventory icon, one object only, floating centred with a small even margin on all four sides, seen from a slight 3/4 angle. Subject fully isolated on a pure flat #00FF00 background (nothing else in frame), so the background can be keyed out to transparent. Do not crop any part of the subject. No hand holding it, no pedestal, no text, no rarity frame, no glow border. It must still be recognisable shrunk to 1/4 size, so keep the silhouette simple and the local colour strong. Flat vector game art, hand-painted storybook look, soft cel shading with two or three tone steps per surface, NO black outlines, NO gradients across the whole image, NO photorealism, NO 3D render, NO pixel art dithering. Warm saturated fantasy palette anchored on: grass #49a34a, deep leaf #3f9642, wood #8b5a2b, dark wood #6b4423, stone #8f97ab, cold stone #b7bfd0, water #7cc4ff, pale sky #cfe4ff, gold #ffd166, pale gold #ffe9a8, ember #c98a5c, arcane #c58cff, shadow #2a0c08. Clean readable silhouette that still reads at 1/4 size. Even ambient light from above, no cast shadow on the ground unless asked."
"item_gem_diamond","assets/ui/items/gem_diamond.png","128x128","64x64","물건 아이콘","다이아몬드","A gem diamond (material) — ornate, purple-arcane accents and engraved patterns. Single game inventory icon, one object only, floating centred with a small even margin on all four sides, seen from a slight 3/4 angle. Subject fully isolated on a pure flat #00FF00 background (nothing else in frame), so the background can be keyed out to transparent. Do not crop any part of the subject. No hand holding it, no pedestal, no text, no rarity frame, no glow border. It must still be recognisable shrunk to 1/4 size, so keep the silhouette simple and the local colour strong. Flat vector game art, hand-painted storybook look, soft cel shading with two or three tone steps per surface, NO black outlines, NO gradients across the whole image, NO photorealism, NO 3D render, NO pixel art dithering. Warm saturated fantasy palette anchored on: grass #49a34a, deep leaf #3f9642, wood #8b5a2b, dark wood #6b4423, stone #8f97ab, cold stone #b7bfd0, water #7cc4ff, pale sky #cfe4ff, gold #ffd166, pale gold #ffe9a8, ember #c98a5c, arcane #c58cff, shadow #2a0c08. Clean readable silhouette that still reads at 1/4 size. Even ambient light from above, no cast shadow on the ground unless asked."
"tile_ash","assets/tiles/ash.png","64x64","32x32","바닥 타일(이어 붙음)","잿더미","a floor of cold grey volcanic ash. Seamless repeating floor tile, straight top-down view (camera exactly overhead). The image fills the entire canvas edge to edge with no border, no frame, no margin. ⚠ CRITICAL: the tile is laid in a 40x32 grid, so it must tile seamlessly — left edge must continue into the right edge and top into bottom. ABSOLUTELY NO directional light (no brighter-top/darker-bottom), NO vignette, NO border or outline on any edge, NO single big feature in the centre. Keep the base colour perfectly flat and put all variation into small scattered speckles and marks that do not touch the edges. Flat vector game art, hand-painted storybook look, soft cel shading with two or three tone steps per surface, NO black outlines, NO gradients across the whole image, NO photorealism, NO 3D render, NO pixel art dithering. Warm saturated fantasy palette anchored on: grass #49a34a, deep leaf #3f9642, wood #8b5a2b, dark wood #6b4423, stone #8f97ab, cold stone #b7bfd0, water #7cc4ff, pale sky #cfe4ff, gold #ffd166, pale gold #ffe9a8, ember #c98a5c, arcane #c58cff, shadow #2a0c08. Clean readable silhouette that still reads at 1/4 size. Even ambient light from above, no cast shadow on the ground unless asked."
"tile_ash_path","assets/tiles/ash_path.png","64x64","32x32","바닥 타일(이어 붙음)","굳은 용암 길","a trodden path through volcanic ash, slightly darker and packed. Seamless repeating floor tile, straight top-down view (camera exactly overhead). The image fills the entire canvas edge to edge with no border, no frame, no margin. ⚠ CRITICAL: the tile is laid in a 40x32 grid, so it must tile seamlessly — left edge must continue into the right edge and top into bottom. ABSOLUTELY NO directional light (no brighter-top/darker-bottom), NO vignette, NO border or outline on any edge, NO single big feature in the centre. Keep the base colour perfectly flat and put all variation into small scattered speckles and marks that do not touch the edges. Flat vector game art, hand-painted storybook look, soft cel shading with two or three tone steps per surface, NO black outlines, NO gradients across the whole image, NO photorealism, NO 3D render, NO pixel art dithering. Warm saturated fantasy palette anchored on: grass #49a34a, deep leaf #3f9642, wood #8b5a2b, dark wood #6b4423, stone #8f97ab, cold stone #b7bfd0, water #7cc4ff, pale sky #cfe4ff, gold #ffd166, pale gold #ffe9a8, ember #c98a5c, arcane #c58cff, shadow #2a0c08. Clean readable silhouette that still reads at 1/4 size. Even ambient light from above, no cast shadow on the ground unless asked."
"tile_charred","assets/tiles/charred.png","64x64","32x32","바닥 타일(이어 붙음)","타 버린 나무","scorched blackened ground, still faintly warm. Seamless repeating floor tile, straight top-down view (camera exactly overhead). The image fills the entire canvas edge to edge with no border, no frame, no margin. ⚠ CRITICAL: the tile is laid in a 40x32 grid, so it must tile seamlessly — left edge must continue into the right edge and top into bottom. ABSOLUTELY NO directional light (no brighter-top/darker-bottom), NO vignette, NO border or outline on any edge, NO single big feature in the centre. Keep the base colour perfectly flat and put all variation into small scattered speckles and marks that do not touch the edges. Flat vector game art, hand-painted storybook look, soft cel shading with two or three tone steps per surface, NO black outlines, NO gradients across the whole image, NO photorealism, NO 3D render, NO pixel art dithering. Warm saturated fantasy palette anchored on: grass #49a34a, deep leaf #3f9642, wood #8b5a2b, dark wood #6b4423, stone #8f97ab, cold stone #b7bfd0, water #7cc4ff, pale sky #cfe4ff, gold #ffd166, pale gold #ffe9a8, ember #c98a5c, arcane #c58cff, shadow #2a0c08. Clean readable silhouette that still reads at 1/4 size. Even ambient light from above, no cast shadow on the ground unless asked."
"tile_basalt","assets/tiles/basalt.png","64x64","32x32","바닥 타일(이어 붙음)","검은 현무암","cracked black basalt rock. Seamless repeating floor tile, straight top-down view (camera exactly overhead). The image fills the entire canvas edge to edge with no border, no frame, no margin. ⚠ CRITICAL: the tile is laid in a 40x32 grid, so it must tile seamlessly — left edge must continue into the right edge and top into bottom. ABSOLUTELY NO directional light (no brighter-top/darker-bottom), NO vignette, NO border or outline on any edge, NO single big feature in the centre. Keep the base colour perfectly flat and put all variation into small scattered speckles and marks that do not touch the edges. Flat vector game art, hand-painted storybook look, soft cel shading with two or three tone steps per surface, NO black outlines, NO gradients across the whole image, NO photorealism, NO 3D render, NO pixel art dithering. Warm saturated fantasy palette anchored on: grass #49a34a, deep leaf #3f9642, wood #8b5a2b, dark wood #6b4423, stone #8f97ab, cold stone #b7bfd0, water #7cc4ff, pale sky #cfe4ff, gold #ffd166, pale gold #ffe9a8, ember #c98a5c, arcane #c58cff, shadow #2a0c08. Clean readable silhouette that still reads at 1/4 size. Even ambient light from above, no cast shadow on the ground unless asked."
"tile_magma","assets/tiles/magma.png","64x64","32x32","바닥 타일(이어 붙음)","마그마","molten magma glowing orange through a black crust. Seamless repeating floor tile, straight top-down view (camera exactly overhead). The image fills the entire canvas edge to edge with no border, no frame, no margin. ⚠ CRITICAL: the tile is laid in a 40x32 grid, so it must tile seamlessly — left edge must continue into the right edge and top into bottom. ABSOLUTELY NO directional light (no brighter-top/darker-bottom), NO vignette, NO border or outline on any edge, NO single big feature in the centre. Keep the base colour perfectly flat and put all variation into small scattered speckles and marks that do not touch the edges. Flat vector game art, hand-painted storybook look, soft cel shading with two or three tone steps per surface, NO black outlines, NO gradients across the whole image, NO photorealism, NO 3D render, NO pixel art dithering. Warm saturated fantasy palette anchored on: grass #49a34a, deep leaf #3f9642, wood #8b5a2b, dark wood #6b4423, stone #8f97ab, cold stone #b7bfd0, water #7cc4ff, pale sky #cfe4ff, gold #ffd166, pale gold #ffe9a8, ember #c98a5c, arcane #c58cff, shadow #2a0c08. Clean readable silhouette that still reads at 1/4 size. Even ambient light from above, no cast shadow on the ground unless asked."
"tile_ember","assets/tiles/ember.png","64x64","32x32","바닥 타일(이어 붙음)","불씨","cooling embers, dark with orange cracks. Seamless repeating floor tile, straight top-down view (camera exactly overhead). The image fills the entire canvas edge to edge with no border, no frame, no margin. ⚠ CRITICAL: the tile is laid in a 40x32 grid, so it must tile seamlessly — left edge must continue into the right edge and top into bottom. ABSOLUTELY NO directional light (no brighter-top/darker-bottom), NO vignette, NO border or outline on any edge, NO single big feature in the centre. Keep the base colour perfectly flat and put all variation into small scattered speckles and marks that do not touch the edges. Flat vector game art, hand-painted storybook look, soft cel shading with two or three tone steps per surface, NO black outlines, NO gradients across the whole image, NO photorealism, NO 3D render, NO pixel art dithering. Warm saturated fantasy palette anchored on: grass #49a34a, deep leaf #3f9642, wood #8b5a2b, dark wood #6b4423, stone #8f97ab, cold stone #b7bfd0, water #7cc4ff, pale sky #cfe4ff, gold #ffd166, pale gold #ffe9a8, ember #c98a5c, arcane #c58cff, shadow #2a0c08. Clean readable silhouette that still reads at 1/4 size. Even ambient light from above, no cast shadow on the ground unless asked."
"tile_waste","assets/tiles/waste.png","64x64","32x32","바닥 타일(이어 붙음)","마른 땅","barren cracked wasteland dirt, pale and dry. Seamless repeating floor tile, straight top-down view (camera exactly overhead). The image fills the entire canvas edge to edge with no border, no frame, no margin. ⚠ CRITICAL: the tile is laid in a 40x32 grid, so it must tile seamlessly — left edge must continue into the right edge and top into bottom. ABSOLUTELY NO directional light (no brighter-top/darker-bottom), NO vignette, NO border or outline on any edge, NO single big feature in the centre. Keep the base colour perfectly flat and put all variation into small scattered speckles and marks that do not touch the edges. Flat vector game art, hand-painted storybook look, soft cel shading with two or three tone steps per surface, NO black outlines, NO gradients across the whole image, NO photorealism, NO 3D render, NO pixel art dithering. Warm saturated fantasy palette anchored on: grass #49a34a, deep leaf #3f9642, wood #8b5a2b, dark wood #6b4423, stone #8f97ab, cold stone #b7bfd0, water #7cc4ff, pale sky #cfe4ff, gold #ffd166, pale gold #ffe9a8, ember #c98a5c, arcane #c58cff, shadow #2a0c08. Clean readable silhouette that still reads at 1/4 size. Even ambient light from above, no cast shadow on the ground unless asked."
"tile_cliff","assets/tiles/cliff.png","64x64","32x32","얹는 타일","낭떠러지","a sheer pale cliff face seen from above. Single object drawn small and centred, seen from a 3/4 top-down angle. Subject fully isolated on a pure flat #00FF00 background (nothing else in frame), so the background can be keyed out to transparent. Do not crop any part of the subject. The outer edge of the object must be ragged and irregular (not a filled square), because this is layered on top of a ground tile and the ground shows through around it. No ground, no grass, no base plate underneath. Flat vector game art, hand-painted storybook look, soft cel shading with two or three tone steps per surface, NO black outlines, NO gradients across the whole image, NO photorealism, NO 3D render, NO pixel art dithering. Warm saturated fantasy palette anchored on: grass #49a34a, deep leaf #3f9642, wood #8b5a2b, dark wood #6b4423, stone #8f97ab, cold stone #b7bfd0, water #7cc4ff, pale sky #cfe4ff, gold #ffd166, pale gold #ffe9a8, ember #c98a5c, arcane #c58cff, shadow #2a0c08. Clean readable silhouette that still reads at 1/4 size. Even ambient light from above, no cast shadow on the ground unless asked."
"tile_cliff_edge","assets/tiles/cliff_edge.png","64x64","32x32","얹는 타일","절벽 끝","the lip of a cliff where the ground drops away. Single object drawn small and centred, seen from a 3/4 top-down angle. Subject fully isolated on a pure flat #00FF00 background (nothing else in frame), so the background can be keyed out to transparent. Do not crop any part of the subject. The outer edge of the object must be ragged and irregular (not a filled square), because this is layered on top of a ground tile and the ground shows through around it. No ground, no grass, no base plate underneath. Flat vector game art, hand-painted storybook look, soft cel shading with two or three tone steps per surface, NO black outlines, NO gradients across the whole image, NO photorealism, NO 3D render, NO pixel art dithering. Warm saturated fantasy palette anchored on: grass #49a34a, deep leaf #3f9642, wood #8b5a2b, dark wood #6b4423, stone #8f97ab, cold stone #b7bfd0, water #7cc4ff, pale sky #cfe4ff, gold #ffd166, pale gold #ffe9a8, ember #c98a5c, arcane #c58cff, shadow #2a0c08. Clean readable silhouette that still reads at 1/4 size. Even ambient light from above, no cast shadow on the ground unless asked."
"tile_wind_rock","assets/tiles/wind_rock.png","64x64","32x32","얹는 타일","바람바위","a wind-scoured standing rock, pale and streaked. Single object drawn small and centred, seen from a 3/4 top-down angle. Subject fully isolated on a pure flat #00FF00 background (nothing else in frame), so the background can be keyed out to transparent. Do not crop any part of the subject. The outer edge of the object must be ragged and irregular (not a filled square), because this is layered on top of a ground tile and the ground shows through around it. No ground, no grass, no base plate underneath. Flat vector game art, hand-painted storybook look, soft cel shading with two or three tone steps per surface, NO black outlines, NO gradients across the whole image, NO photorealism, NO 3D render, NO pixel art dithering. Warm saturated fantasy palette anchored on: grass #49a34a, deep leaf #3f9642, wood #8b5a2b, dark wood #6b4423, stone #8f97ab, cold stone #b7bfd0, water #7cc4ff, pale sky #cfe4ff, gold #ffd166, pale gold #ffe9a8, ember #c98a5c, arcane #c58cff, shadow #2a0c08. Clean readable silhouette that still reads at 1/4 size. Even ambient light from above, no cast shadow on the ground unless asked."
"mon_great_dragon_field","assets/sprites/monsters/great_dragon_field.png","256x256","64x64","들판 그림","큰 용","A colossal ancient dragon — a fantasy RPG monster, a level 99 creature that casts spells. 3/4 top-down view as seen in a JRPG overworld, the character standing and facing the camera-left, feet touching the very bottom edge of the canvas, head near the top with a small margin. Subject fully isolated on a pure flat #00FF00 background (nothing else in frame), so the background can be keyed out to transparent. Do not crop any part of the subject. Whole body in frame, symmetrical readable silhouette, no motion blur. Flat vector game art, hand-painted storybook look, soft cel shading with two or three tone steps per surface, NO black outlines, NO gradients across the whole image, NO photorealism, NO 3D render, NO pixel art dithering. Warm saturated fantasy palette anchored on: grass #49a34a, deep leaf #3f9642, wood #8b5a2b, dark wood #6b4423, stone #8f97ab, cold stone #b7bfd0, water #7cc4ff, pale sky #cfe4ff, gold #ffd166, pale gold #ffe9a8, ember #c98a5c, arcane #c58cff, shadow #2a0c08. Clean readable silhouette that still reads at 1/4 size. Even ambient light from above, no cast shadow on the ground unless asked."
"mon_great_dragon_battle","assets/sprites/monsters/great_dragon_battle.png","512x512","256x256","전투 그림","큰 용","A colossal ancient dragon — a fantasy RPG monster, a level 99 creature that casts spells. Side view battle portrait, full body, standing in an idle ready stance and FACING LEFT (the enemy is off-frame to the left). Feet touch the very bottom edge of the canvas, head near the top. Subject fully isolated on a pure flat #00FF00 background (nothing else in frame), so the background can be keyed out to transparent. Do not crop any part of the subject. Dramatic but still, no motion lines. Flat vector game art, hand-painted storybook look, soft cel shading with two or three tone steps per surface, NO black outlines, NO gradients across the whole image, NO photorealism, NO 3D render, NO pixel art dithering. Warm saturated fantasy palette anchored on: grass #49a34a, deep leaf #3f9642, wood #8b5a2b, dark wood #6b4423, stone #8f97ab, cold stone #b7bfd0, water #7cc4ff, pale sky #cfe4ff, gold #ffd166, pale gold #ffe9a8, ember #c98a5c, arcane #c58cff, shadow #2a0c08. Clean readable silhouette that still reads at 1/4 size. Even ambient light from above, no cast shadow on the ground unless asked."
"npc_witch","assets/sprites/npc/witch.png","192x256","60x80","마을 사람","마녀","A swamp witch, one of the townsfolk of a small medieval fantasy town. 3/4 top-down view, full body, standing still and facing the camera, feet at the very bottom edge of the canvas. Subject fully isolated on a pure flat #00FF00 background (nothing else in frame), so the background can be keyed out to transparent. Do not crop any part of the subject. Friendly readable silhouette; the clothing colour is what players recognise them by, so keep one strong signature colour. Flat vector game art, hand-painted storybook look, soft cel shading with two or three tone steps per surface, NO black outlines, NO gradients across the whole image, NO photorealism, NO 3D render, NO pixel art dithering. Warm saturated fantasy palette anchored on: grass #49a34a, deep leaf #3f9642, wood #8b5a2b, dark wood #6b4423, stone #8f97ab, cold stone #b7bfd0, water #7cc4ff, pale sky #cfe4ff, gold #ffd166, pale gold #ffe9a8, ember #c98a5c, arcane #c58cff, shadow #2a0c08. Clean readable silhouette that still reads at 1/4 size. Even ambient light from above, no cast shadow on the ground unless asked."
"npc_royal_smith","assets/sprites/npc/royal_smith.png","192x256","60x80","마을 사람","왕실 대장장이","A royal smith, one of the townsfolk of a small medieval fantasy town. 3/4 top-down view, full body, standing still and facing the camera, feet at the very bottom edge of the canvas. Subject fully isolated on a pure flat #00FF00 background (nothing else in frame), so the background can be keyed out to transparent. Do not crop any part of the subject. Friendly readable silhouette; the clothing colour is what players recognise them by, so keep one strong signature colour. Flat vector game art, hand-painted storybook look, soft cel shading with two or three tone steps per surface, NO black outlines, NO gradients across the whole image, NO photorealism, NO 3D render, NO pixel art dithering. Warm saturated fantasy palette anchored on: grass #49a34a, deep leaf #3f9642, wood #8b5a2b, dark wood #6b4423, stone #8f97ab, cold stone #b7bfd0, water #7cc4ff, pale sky #cfe4ff, gold #ffd166, pale gold #ffe9a8, ember #c98a5c, arcane #c58cff, shadow #2a0c08. Clean readable silhouette that still reads at 1/4 size. Even ambient light from above, no cast shadow on the ground unless asked."
"item_dragon_token","assets/ui/items/dragon_token.png","128x128","64x64","물건 아이콘","용의 징표","A dragon-scale token (material) — ornate, purple-arcane accents and engraved patterns. Single game inventory icon, one object only, floating centred with a small even margin on all four sides, seen from a slight 3/4 angle. Subject fully isolated on a pure flat #00FF00 background (nothing else in frame), so the background can be keyed out to transparent. Do not crop any part of the subject. No hand holding it, no pedestal, no text, no rarity frame, no glow border. It must still be recognisable shrunk to 1/4 size, so keep the silhouette simple and the local colour strong. Flat vector game art, hand-painted storybook look, soft cel shading with two or three tone steps per surface, NO black outlines, NO gradients across the whole image, NO photorealism, NO 3D render, NO pixel art dithering. Warm saturated fantasy palette anchored on: grass #49a34a, deep leaf #3f9642, wood #8b5a2b, dark wood #6b4423, stone #8f97ab, cold stone #b7bfd0, water #7cc4ff, pale sky #cfe4ff, gold #ffd166, pale gold #ffe9a8, ember #c98a5c, arcane #c58cff, shadow #2a0c08. Clean readable silhouette that still reads at 1/4 size. Even ambient light from above, no cast shadow on the ground unless asked."
"item_dragon_gate_key","assets/ui/items/dragon_gate_key.png","128x128","64x64","물건 아이콘","용의 열쇠","An ornate dragon gate key (material) — unmistakably legendary — gold filigree, glowing core, dramatic silhouette. Single game inventory icon, one object only, floating centred with a small even margin on all four sides, seen from a slight 3/4 angle. Subject fully isolated on a pure flat #00FF00 background (nothing else in frame), so the background can be keyed out to transparent. Do not crop any part of the subject. No hand holding it, no pedestal, no text, no rarity frame, no glow border. It must still be recognisable shrunk to 1/4 size, so keep the silhouette simple and the local colour strong. Flat vector game art, hand-painted storybook look, soft cel shading with two or three tone steps per surface, NO black outlines, NO gradients across the whole image, NO photorealism, NO 3D render, NO pixel art dithering. Warm saturated fantasy palette anchored on: grass #49a34a, deep leaf #3f9642, wood #8b5a2b, dark wood #6b4423, stone #8f97ab, cold stone #b7bfd0, water #7cc4ff, pale sky #cfe4ff, gold #ffd166, pale gold #ffe9a8, ember #c98a5c, arcane #c58cff, shadow #2a0c08. Clean readable silhouette that still reads at 1/4 size. Even ambient light from above, no cast shadow on the ground unless asked."
"tile_lair_gate","assets/tiles/lair_gate.png","64x64","32x32","얹는 타일","잠긴 동굴문","a colossal sealed stone gate carved with a dragon, faint red light in the seams. Single object drawn small and centred, seen from a 3/4 top-down angle. Subject fully isolated on a pure flat #00FF00 background (nothing else in frame), so the background can be keyed out to transparent. Do not crop any part of the subject. The outer edge of the object must be ragged and irregular (not a filled square), because this is layered on top of a ground tile and the ground shows through around it. No ground, no grass, no base plate underneath. Flat vector game art, hand-painted storybook look, soft cel shading with two or three tone steps per surface, NO black outlines, NO gradients across the whole image, NO photorealism, NO 3D render, NO pixel art dithering. Warm saturated fantasy palette anchored on: grass #49a34a, deep leaf #3f9642, wood #8b5a2b, dark wood #6b4423, stone #8f97ab, cold stone #b7bfd0, water #7cc4ff, pale sky #cfe4ff, gold #ffd166, pale gold #ffe9a8, ember #c98a5c, arcane #c58cff, shadow #2a0c08. Clean readable silhouette that still reads at 1/4 size. Even ambient light from above, no cast shadow on the ground unless asked."
"mon_elder_dragon_field","assets/sprites/monsters/elder_dragon_field.png","256x256","64x64","들판 그림","잠겨 있던 용","An elder dragon, even larger and older — a fantasy RPG monster, a level 110 creature that casts spells. 3/4 top-down view as seen in a JRPG overworld, the character standing and facing the camera-left, feet touching the very bottom edge of the canvas, head near the top with a small margin. Subject fully isolated on a pure flat #00FF00 background (nothing else in frame), so the background can be keyed out to transparent. Do not crop any part of the subject. Whole body in frame, symmetrical readable silhouette, no motion blur. Flat vector game art, hand-painted storybook look, soft cel shading with two or three tone steps per surface, NO black outlines, NO gradients across the whole image, NO photorealism, NO 3D render, NO pixel art dithering. Warm saturated fantasy palette anchored on: grass #49a34a, deep leaf #3f9642, wood #8b5a2b, dark wood #6b4423, stone #8f97ab, cold stone #b7bfd0, water #7cc4ff, pale sky #cfe4ff, gold #ffd166, pale gold #ffe9a8, ember #c98a5c, arcane #c58cff, shadow #2a0c08. Clean readable silhouette that still reads at 1/4 size. Even ambient light from above, no cast shadow on the ground unless asked."
"mon_elder_dragon_battle","assets/sprites/monsters/elder_dragon_battle.png","512x512","256x256","전투 그림","잠겨 있던 용","An elder dragon, even larger and older — a fantasy RPG monster, a level 110 creature that casts spells. Side view battle portrait, full body, standing in an idle ready stance and FACING LEFT (the enemy is off-frame to the left). Feet touch the very bottom edge of the canvas, head near the top. Subject fully isolated on a pure flat #00FF00 background (nothing else in frame), so the background can be keyed out to transparent. Do not crop any part of the subject. Dramatic but still, no motion lines. Flat vector game art, hand-painted storybook look, soft cel shading with two or three tone steps per surface, NO black outlines, NO gradients across the whole image, NO photorealism, NO 3D render, NO pixel art dithering. Warm saturated fantasy palette anchored on: grass #49a34a, deep leaf #3f9642, wood #8b5a2b, dark wood #6b4423, stone #8f97ab, cold stone #b7bfd0, water #7cc4ff, pale sky #cfe4ff, gold #ffd166, pale gold #ffe9a8, ember #c98a5c, arcane #c58cff, shadow #2a0c08. Clean readable silhouette that still reads at 1/4 size. Even ambient light from above, no cast shadow on the ground unless asked."
"chr_hero_attack","assets/sprites/characters/hero_attack.png","768x1024","192x256","공격 자세","용사 — 공격","A sword-and-shield hero knight — the player character of this game, an adventurer. Side view, full body, caught at the peak of a forward lunging attack toward the LEFT, weight thrown forward, weapon or limb extended left. Same character, same colours and same proportions as the idle version — only the pose changes. Feet near the bottom edge. Subject fully isolated on a pure flat #00FF00 background (nothing else in frame), so the background can be keyed out to transparent. Do not crop any part of the subject. Flat vector game art, hand-painted storybook look, soft cel shading with two or three tone steps per surface, NO black outlines, NO gradients across the whole image, NO photorealism, NO 3D render, NO pixel art dithering. Warm saturated fantasy palette anchored on: grass #49a34a, deep leaf #3f9642, wood #8b5a2b, dark wood #6b4423, stone #8f97ab, cold stone #b7bfd0, water #7cc4ff, pale sky #cfe4ff, gold #ffd166, pale gold #ffe9a8, ember #c98a5c, arcane #c58cff, shadow #2a0c08. Clean readable silhouette that still reads at 1/4 size. Even ambient light from above, no cast shadow on the ground unless asked."
"chr_ranger_attack","assets/sprites/characters/ranger_attack.png","768x1024","192x256","공격 자세","사냥꾼 — 공격","A hooded bow ranger — the player character of this game, an adventurer. Side view, full body, caught at the peak of a forward lunging attack toward the LEFT, weight thrown forward, weapon or limb extended left. Same character, same colours and same proportions as the idle version — only the pose changes. Feet near the bottom edge. Subject fully isolated on a pure flat #00FF00 background (nothing else in frame), so the background can be keyed out to transparent. Do not crop any part of the subject. Flat vector game art, hand-painted storybook look, soft cel shading with two or three tone steps per surface, NO black outlines, NO gradients across the whole image, NO photorealism, NO 3D render, NO pixel art dithering. Warm saturated fantasy palette anchored on: grass #49a34a, deep leaf #3f9642, wood #8b5a2b, dark wood #6b4423, stone #8f97ab, cold stone #b7bfd0, water #7cc4ff, pale sky #cfe4ff, gold #ffd166, pale gold #ffe9a8, ember #c98a5c, arcane #c58cff, shadow #2a0c08. Clean readable silhouette that still reads at 1/4 size. Even ambient light from above, no cast shadow on the ground unless asked."
"chr_mage_attack","assets/sprites/characters/mage_attack.png","768x1024","192x256","공격 자세","마법사 — 공격","A staff-wielding mage — the player character of this game, an adventurer. Side view, full body, caught at the peak of a forward lunging attack toward the LEFT, weight thrown forward, weapon or limb extended left. Same character, same colours and same proportions as the idle version — only the pose changes. Feet near the bottom edge. Subject fully isolated on a pure flat #00FF00 background (nothing else in frame), so the background can be keyed out to transparent. Do not crop any part of the subject. Flat vector game art, hand-painted storybook look, soft cel shading with two or three tone steps per surface, NO black outlines, NO gradients across the whole image, NO photorealism, NO 3D render, NO pixel art dithering. Warm saturated fantasy palette anchored on: grass #49a34a, deep leaf #3f9642, wood #8b5a2b, dark wood #6b4423, stone #8f97ab, cold stone #b7bfd0, water #7cc4ff, pale sky #cfe4ff, gold #ffd166, pale gold #ffe9a8, ember #c98a5c, arcane #c58cff, shadow #2a0c08. Clean readable silhouette that still reads at 1/4 size. Even ambient light from above, no cast shadow on the ground unless asked."
"chr_hero_stance","assets/sprites/characters/hero_stance.png","768x1024","192x256","방어 자세","용사 — 전투 자세","A sword-and-shield hero knight — the player character of this game, an adventurer. Side view, full body, braced defensive stance facing LEFT — knees bent, guard raised. Same character, same colours and same proportions as the idle version — only the pose changes. Feet near the bottom edge. Subject fully isolated on a pure flat #00FF00 background (nothing else in frame), so the background can be keyed out to transparent. Do not crop any part of the subject. Flat vector game art, hand-painted storybook look, soft cel shading with two or three tone steps per surface, NO black outlines, NO gradients across the whole image, NO photorealism, NO 3D render, NO pixel art dithering. Warm saturated fantasy palette anchored on: grass #49a34a, deep leaf #3f9642, wood #8b5a2b, dark wood #6b4423, stone #8f97ab, cold stone #b7bfd0, water #7cc4ff, pale sky #cfe4ff, gold #ffd166, pale gold #ffe9a8, ember #c98a5c, arcane #c58cff, shadow #2a0c08. Clean readable silhouette that still reads at 1/4 size. Even ambient light from above, no cast shadow on the ground unless asked."
"chr_ranger_stance","assets/sprites/characters/ranger_stance.png","768x1024","192x256","방어 자세","사냥꾼 — 전투 자세","A hooded bow ranger — the player character of this game, an adventurer. Side view, full body, braced defensive stance facing LEFT — knees bent, guard raised. Same character, same colours and same proportions as the idle version — only the pose changes. Feet near the bottom edge. Subject fully isolated on a pure flat #00FF00 background (nothing else in frame), so the background can be keyed out to transparent. Do not crop any part of the subject. Flat vector game art, hand-painted storybook look, soft cel shading with two or three tone steps per surface, NO black outlines, NO gradients across the whole image, NO photorealism, NO 3D render, NO pixel art dithering. Warm saturated fantasy palette anchored on: grass #49a34a, deep leaf #3f9642, wood #8b5a2b, dark wood #6b4423, stone #8f97ab, cold stone #b7bfd0, water #7cc4ff, pale sky #cfe4ff, gold #ffd166, pale gold #ffe9a8, ember #c98a5c, arcane #c58cff, shadow #2a0c08. Clean readable silhouette that still reads at 1/4 size. Even ambient light from above, no cast shadow on the ground unless asked."
"chr_mage_stance","assets/sprites/characters/mage_stance.png","768x1024","192x256","방어 자세","마법사 — 전투 자세","A staff-wielding mage — the player character of this game, an adventurer. Side view, full body, braced defensive stance facing LEFT — knees bent, guard raised. Same character, same colours and same proportions as the idle version — only the pose changes. Feet near the bottom edge. Subject fully isolated on a pure flat #00FF00 background (nothing else in frame), so the background can be keyed out to transparent. Do not crop any part of the subject. Flat vector game art, hand-painted storybook look, soft cel shading with two or three tone steps per surface, NO black outlines, NO gradients across the whole image, NO photorealism, NO 3D render, NO pixel art dithering. Warm saturated fantasy palette anchored on: grass #49a34a, deep leaf #3f9642, wood #8b5a2b, dark wood #6b4423, stone #8f97ab, cold stone #b7bfd0, water #7cc4ff, pale sky #cfe4ff, gold #ffd166, pale gold #ffe9a8, ember #c98a5c, arcane #c58cff, shadow #2a0c08. Clean readable silhouette that still reads at 1/4 size. Even ambient light from above, no cast shadow on the ground unless asked."
"mon_slime_attack","assets/sprites/monsters/slime_attack.png","512x512","256x256","공격 자세","슬라임 — 공격","A slime — a fantasy RPG monster, a level 1 creature. Side view, full body, caught at the peak of a forward lunging attack toward the LEFT, weight thrown forward, weapon or limb extended left. Same character, same colours and same proportions as the idle version — only the pose changes. Feet near the bottom edge. Subject fully isolated on a pure flat #00FF00 background (nothing else in frame), so the background can be keyed out to transparent. Do not crop any part of the subject. Flat vector game art, hand-painted storybook look, soft cel shading with two or three tone steps per surface, NO black outlines, NO gradients across the whole image, NO photorealism, NO 3D render, NO pixel art dithering. Warm saturated fantasy palette anchored on: grass #49a34a, deep leaf #3f9642, wood #8b5a2b, dark wood #6b4423, stone #8f97ab, cold stone #b7bfd0, water #7cc4ff, pale sky #cfe4ff, gold #ffd166, pale gold #ffe9a8, ember #c98a5c, arcane #c58cff, shadow #2a0c08. Clean readable silhouette that still reads at 1/4 size. Even ambient light from above, no cast shadow on the ground unless asked."
"mon_bat_attack","assets/sprites/monsters/bat_attack.png","512x512","256x256","공격 자세","박쥐 — 공격","A bat — a fantasy RPG monster, a level 3 creature. Side view, full body, caught at the peak of a forward lunging attack toward the LEFT, weight thrown forward, weapon or limb extended left. Same character, same colours and same proportions as the idle version — only the pose changes. Feet near the bottom edge. Subject fully isolated on a pure flat #00FF00 background (nothing else in frame), so the background can be keyed out to transparent. Do not crop any part of the subject. Flat vector game art, hand-painted storybook look, soft cel shading with two or three tone steps per surface, NO black outlines, NO gradients across the whole image, NO photorealism, NO 3D render, NO pixel art dithering. Warm saturated fantasy palette anchored on: grass #49a34a, deep leaf #3f9642, wood #8b5a2b, dark wood #6b4423, stone #8f97ab, cold stone #b7bfd0, water #7cc4ff, pale sky #cfe4ff, gold #ffd166, pale gold #ffe9a8, ember #c98a5c, arcane #c58cff, shadow #2a0c08. Clean readable silhouette that still reads at 1/4 size. Even ambient light from above, no cast shadow on the ground unless asked."
"mon_mushroom_attack","assets/sprites/monsters/mushroom_attack.png","512x512","256x256","공격 자세","버섯 — 공격","A mushroom — a fantasy RPG monster, a level 9 creature. Side view, full body, caught at the peak of a forward lunging attack toward the LEFT, weight thrown forward, weapon or limb extended left. Same character, same colours and same proportions as the idle version — only the pose changes. Feet near the bottom edge. Subject fully isolated on a pure flat #00FF00 background (nothing else in frame), so the background can be keyed out to transparent. Do not crop any part of the subject. Flat vector game art, hand-painted storybook look, soft cel shading with two or three tone steps per surface, NO black outlines, NO gradients across the whole image, NO photorealism, NO 3D render, NO pixel art dithering. Warm saturated fantasy palette anchored on: grass #49a34a, deep leaf #3f9642, wood #8b5a2b, dark wood #6b4423, stone #8f97ab, cold stone #b7bfd0, water #7cc4ff, pale sky #cfe4ff, gold #ffd166, pale gold #ffe9a8, ember #c98a5c, arcane #c58cff, shadow #2a0c08. Clean readable silhouette that still reads at 1/4 size. Even ambient light from above, no cast shadow on the ground unless asked."
"mon_wolf_attack","assets/sprites/monsters/wolf_attack.png","512x512","256x256","공격 자세","늑대 — 공격","A wolf — a fantasy RPG monster, a level 6 creature. Side view, full body, caught at the peak of a forward lunging attack toward the LEFT, weight thrown forward, weapon or limb extended left. Same character, same colours and same proportions as the idle version — only the pose changes. Feet near the bottom edge. Subject fully isolated on a pure flat #00FF00 background (nothing else in frame), so the background can be keyed out to transparent. Do not crop any part of the subject. Flat vector game art, hand-painted storybook look, soft cel shading with two or three tone steps per surface, NO black outlines, NO gradients across the whole image, NO photorealism, NO 3D render, NO pixel art dithering. Warm saturated fantasy palette anchored on: grass #49a34a, deep leaf #3f9642, wood #8b5a2b, dark wood #6b4423, stone #8f97ab, cold stone #b7bfd0, water #7cc4ff, pale sky #cfe4ff, gold #ffd166, pale gold #ffe9a8, ember #c98a5c, arcane #c58cff, shadow #2a0c08. Clean readable silhouette that still reads at 1/4 size. Even ambient light from above, no cast shadow on the ground unless asked."
"mon_imp_attack","assets/sprites/monsters/imp_attack.png","512x512","256x256","공격 자세","꼬마악마 — 공격","An imp — a fantasy RPG monster, a level 13 creature that casts spells. Side view, full body, caught at the peak of a forward lunging attack toward the LEFT, weight thrown forward, weapon or limb extended left. Same character, same colours and same proportions as the idle version — only the pose changes. Feet near the bottom edge. Subject fully isolated on a pure flat #00FF00 background (nothing else in frame), so the background can be keyed out to transparent. Do not crop any part of the subject. Flat vector game art, hand-painted storybook look, soft cel shading with two or three tone steps per surface, NO black outlines, NO gradients across the whole image, NO photorealism, NO 3D render, NO pixel art dithering. Warm saturated fantasy palette anchored on: grass #49a34a, deep leaf #3f9642, wood #8b5a2b, dark wood #6b4423, stone #8f97ab, cold stone #b7bfd0, water #7cc4ff, pale sky #cfe4ff, gold #ffd166, pale gold #ffe9a8, ember #c98a5c, arcane #c58cff, shadow #2a0c08. Clean readable silhouette that still reads at 1/4 size. Even ambient light from above, no cast shadow on the ground unless asked."
"mon_skeleton_attack","assets/sprites/monsters/skeleton_attack.png","512x512","256x256","공격 자세","해골 — 공격","A skeleton — a fantasy RPG monster, a level 17 creature. Side view, full body, caught at the peak of a forward lunging attack toward the LEFT, weight thrown forward, weapon or limb extended left. Same character, same colours and same proportions as the idle version — only the pose changes. Feet near the bottom edge. Subject fully isolated on a pure flat #00FF00 background (nothing else in frame), so the background can be keyed out to transparent. Do not crop any part of the subject. Flat vector game art, hand-painted storybook look, soft cel shading with two or three tone steps per surface, NO black outlines, NO gradients across the whole image, NO photorealism, NO 3D render, NO pixel art dithering. Warm saturated fantasy palette anchored on: grass #49a34a, deep leaf #3f9642, wood #8b5a2b, dark wood #6b4423, stone #8f97ab, cold stone #b7bfd0, water #7cc4ff, pale sky #cfe4ff, gold #ffd166, pale gold #ffe9a8, ember #c98a5c, arcane #c58cff, shadow #2a0c08. Clean readable silhouette that still reads at 1/4 size. Even ambient light from above, no cast shadow on the ground unless asked."
"mon_demon_soldier_attack","assets/sprites/monsters/demon_soldier_attack.png","512x512","256x256","공격 자세","악마병사 — 공격","A demon soldier — a fantasy RPG monster, a level 21 creature. Side view, full body, caught at the peak of a forward lunging attack toward the LEFT, weight thrown forward, weapon or limb extended left. Same character, same colours and same proportions as the idle version — only the pose changes. Feet near the bottom edge. Subject fully isolated on a pure flat #00FF00 background (nothing else in frame), so the background can be keyed out to transparent. Do not crop any part of the subject. Flat vector game art, hand-painted storybook look, soft cel shading with two or three tone steps per surface, NO black outlines, NO gradients across the whole image, NO photorealism, NO 3D render, NO pixel art dithering. Warm saturated fantasy palette anchored on: grass #49a34a, deep leaf #3f9642, wood #8b5a2b, dark wood #6b4423, stone #8f97ab, cold stone #b7bfd0, water #7cc4ff, pale sky #cfe4ff, gold #ffd166, pale gold #ffe9a8, ember #c98a5c, arcane #c58cff, shadow #2a0c08. Clean readable silhouette that still reads at 1/4 size. Even ambient light from above, no cast shadow on the ground unless asked."
"mon_imp_captain_attack","assets/sprites/monsters/imp_captain_attack.png","512x512","256x256","공격 자세","정찰대장 — 공격","An imp scout captain — a fantasy RPG monster, a level 15 creature that casts spells. Side view, full body, caught at the peak of a forward lunging attack toward the LEFT, weight thrown forward, weapon or limb extended left. Same character, same colours and same proportions as the idle version — only the pose changes. Feet near the bottom edge. Subject fully isolated on a pure flat #00FF00 background (nothing else in frame), so the background can be keyed out to transparent. Do not crop any part of the subject. Flat vector game art, hand-painted storybook look, soft cel shading with two or three tone steps per surface, NO black outlines, NO gradients across the whole image, NO photorealism, NO 3D render, NO pixel art dithering. Warm saturated fantasy palette anchored on: grass #49a34a, deep leaf #3f9642, wood #8b5a2b, dark wood #6b4423, stone #8f97ab, cold stone #b7bfd0, water #7cc4ff, pale sky #cfe4ff, gold #ffd166, pale gold #ffe9a8, ember #c98a5c, arcane #c58cff, shadow #2a0c08. Clean readable silhouette that still reads at 1/4 size. Even ambient light from above, no cast shadow on the ground unless asked."
"mon_demon_general_attack","assets/sprites/monsters/demon_general_attack.png","512x512","256x256","공격 자세","악마장군 — 공격","A demon general warlord — a fantasy RPG monster, a level 30 creature that casts spells. Side view, full body, caught at the peak of a forward lunging attack toward the LEFT, weight thrown forward, weapon or limb extended left. Same character, same colours and same proportions as the idle version — only the pose changes. Feet near the bottom edge. Subject fully isolated on a pure flat #00FF00 background (nothing else in frame), so the background can be keyed out to transparent. Do not crop any part of the subject. Flat vector game art, hand-painted storybook look, soft cel shading with two or three tone steps per surface, NO black outlines, NO gradients across the whole image, NO photorealism, NO 3D render, NO pixel art dithering. Warm saturated fantasy palette anchored on: grass #49a34a, deep leaf #3f9642, wood #8b5a2b, dark wood #6b4423, stone #8f97ab, cold stone #b7bfd0, water #7cc4ff, pale sky #cfe4ff, gold #ffd166, pale gold #ffe9a8, ember #c98a5c, arcane #c58cff, shadow #2a0c08. Clean readable silhouette that still reads at 1/4 size. Even ambient light from above, no cast shadow on the ground unless asked."
"mon_great_dragon_attack","assets/sprites/monsters/great_dragon_attack.png","512x512","256x256","공격 자세","큰 용 — 공격","A colossal ancient dragon — a fantasy RPG monster, a level 99 creature that casts spells. Side view, full body, caught at the peak of a forward lunging attack toward the LEFT, weight thrown forward, weapon or limb extended left. Same character, same colours and same proportions as the idle version — only the pose changes. Feet near the bottom edge. Subject fully isolated on a pure flat #00FF00 background (nothing else in frame), so the background can be keyed out to transparent. Do not crop any part of the subject. Flat vector game art, hand-painted storybook look, soft cel shading with two or three tone steps per surface, NO black outlines, NO gradients across the whole image, NO photorealism, NO 3D render, NO pixel art dithering. Warm saturated fantasy palette anchored on: grass #49a34a, deep leaf #3f9642, wood #8b5a2b, dark wood #6b4423, stone #8f97ab, cold stone #b7bfd0, water #7cc4ff, pale sky #cfe4ff, gold #ffd166, pale gold #ffe9a8, ember #c98a5c, arcane #c58cff, shadow #2a0c08. Clean readable silhouette that still reads at 1/4 size. Even ambient light from above, no cast shadow on the ground unless asked."
"mon_elder_dragon_attack","assets/sprites/monsters/elder_dragon_attack.png","512x512","256x256","공격 자세","잠겨 있던 용 — 공격","An elder dragon, even larger and older — a fantasy RPG monster, a level 110 creature that casts spells. Side view, full body, caught at the peak of a forward lunging attack toward the LEFT, weight thrown forward, weapon or limb extended left. Same character, same colours and same proportions as the idle version — only the pose changes. Feet near the bottom edge. Subject fully isolated on a pure flat #00FF00 background (nothing else in frame), so the background can be keyed out to transparent. Do not crop any part of the subject. Flat vector game art, hand-painted storybook look, soft cel shading with two or three tone steps per surface, NO black outlines, NO gradients across the whole image, NO photorealism, NO 3D render, NO pixel art dithering. Warm saturated fantasy palette anchored on: grass #49a34a, deep leaf #3f9642, wood #8b5a2b, dark wood #6b4423, stone #8f97ab, cold stone #b7bfd0, water #7cc4ff, pale sky #cfe4ff, gold #ffd166, pale gold #ffe9a8, ember #c98a5c, arcane #c58cff, shadow #2a0c08. Clean readable silhouette that still reads at 1/4 size. Even ambient light from above, no cast shadow on the ground unless asked."
"fx_slash","assets/fx/fx_slash.png","384x384","128x128","전투 효과","벰","a wide curved sword slash arc, white-hot core fading to pale gold. A single combat effect shape on its own — a burst/streak of light and colour with nothing behind it. Centred, radiating outward, fading to nothing before the canvas edge. Subject fully isolated on a pure flat #00FF00 background (nothing else in frame), so the background can be keyed out to transparent. Do not crop any part of the subject. No character, no weapon, no background, no text. Flat vector game art, hand-painted storybook look, soft cel shading with two or three tone steps per surface, NO black outlines, NO gradients across the whole image, NO photorealism, NO 3D render, NO pixel art dithering. Warm saturated fantasy palette anchored on: grass #49a34a, deep leaf #3f9642, wood #8b5a2b, dark wood #6b4423, stone #8f97ab, cold stone #b7bfd0, water #7cc4ff, pale sky #cfe4ff, gold #ffd166, pale gold #ffe9a8, ember #c98a5c, arcane #c58cff, shadow #2a0c08. Clean readable silhouette that still reads at 1/4 size. Even ambient light from above, no cast shadow on the ground unless asked."
"fx_pierce","assets/fx/fx_pierce.png","384x384","128x128","전투 효과","꿰뚫음","a straight sharp thrust streak, thin white core with cyan edges. A single combat effect shape on its own — a burst/streak of light and colour with nothing behind it. Centred, radiating outward, fading to nothing before the canvas edge. Subject fully isolated on a pure flat #00FF00 background (nothing else in frame), so the background can be keyed out to transparent. Do not crop any part of the subject. No character, no weapon, no background, no text. Flat vector game art, hand-painted storybook look, soft cel shading with two or three tone steps per surface, NO black outlines, NO gradients across the whole image, NO photorealism, NO 3D render, NO pixel art dithering. Warm saturated fantasy palette anchored on: grass #49a34a, deep leaf #3f9642, wood #8b5a2b, dark wood #6b4423, stone #8f97ab, cold stone #b7bfd0, water #7cc4ff, pale sky #cfe4ff, gold #ffd166, pale gold #ffe9a8, ember #c98a5c, arcane #c58cff, shadow #2a0c08. Clean readable silhouette that still reads at 1/4 size. Even ambient light from above, no cast shadow on the ground unless asked."
"fx_magic","assets/fx/fx_magic.png","384x384","128x128","전투 효과","마법","a swirling arcane burst, violet #c58cff with white sparks. A single combat effect shape on its own — a burst/streak of light and colour with nothing behind it. Centred, radiating outward, fading to nothing before the canvas edge. Subject fully isolated on a pure flat #00FF00 background (nothing else in frame), so the background can be keyed out to transparent. Do not crop any part of the subject. No character, no weapon, no background, no text. Flat vector game art, hand-painted storybook look, soft cel shading with two or three tone steps per surface, NO black outlines, NO gradients across the whole image, NO photorealism, NO 3D render, NO pixel art dithering. Warm saturated fantasy palette anchored on: grass #49a34a, deep leaf #3f9642, wood #8b5a2b, dark wood #6b4423, stone #8f97ab, cold stone #b7bfd0, water #7cc4ff, pale sky #cfe4ff, gold #ffd166, pale gold #ffe9a8, ember #c98a5c, arcane #c58cff, shadow #2a0c08. Clean readable silhouette that still reads at 1/4 size. Even ambient light from above, no cast shadow on the ground unless asked."
"fx_fire","assets/fx/fx_fire.png","384x384","128x128","전투 효과","불덩이","a blooming fire burst, orange-red core fading to smoke-less embers. A single combat effect shape on its own — a burst/streak of light and colour with nothing behind it. Centred, radiating outward, fading to nothing before the canvas edge. Subject fully isolated on a pure flat #00FF00 background (nothing else in frame), so the background can be keyed out to transparent. Do not crop any part of the subject. No character, no weapon, no background, no text. Flat vector game art, hand-painted storybook look, soft cel shading with two or three tone steps per surface, NO black outlines, NO gradients across the whole image, NO photorealism, NO 3D render, NO pixel art dithering. Warm saturated fantasy palette anchored on: grass #49a34a, deep leaf #3f9642, wood #8b5a2b, dark wood #6b4423, stone #8f97ab, cold stone #b7bfd0, water #7cc4ff, pale sky #cfe4ff, gold #ffd166, pale gold #ffe9a8, ember #c98a5c, arcane #c58cff, shadow #2a0c08. Clean readable silhouette that still reads at 1/4 size. Even ambient light from above, no cast shadow on the ground unless asked."
"fx_impact","assets/fx/fx_impact.png","384x384","128x128","전투 효과","충격","a blunt radial impact starburst, pale grey-white shards. A single combat effect shape on its own — a burst/streak of light and colour with nothing behind it. Centred, radiating outward, fading to nothing before the canvas edge. Subject fully isolated on a pure flat #00FF00 background (nothing else in frame), so the background can be keyed out to transparent. Do not crop any part of the subject. No character, no weapon, no background, no text. Flat vector game art, hand-painted storybook look, soft cel shading with two or three tone steps per surface, NO black outlines, NO gradients across the whole image, NO photorealism, NO 3D render, NO pixel art dithering. Warm saturated fantasy palette anchored on: grass #49a34a, deep leaf #3f9642, wood #8b5a2b, dark wood #6b4423, stone #8f97ab, cold stone #b7bfd0, water #7cc4ff, pale sky #cfe4ff, gold #ffd166, pale gold #ffe9a8, ember #c98a5c, arcane #c58cff, shadow #2a0c08. Clean readable silhouette that still reads at 1/4 size. Even ambient light from above, no cast shadow on the ground unless asked."
"fx_guard","assets/fx/fx_guard.png","384x384","128x128","전투 효과","막음","a hexagonal shield flare, pale blue #7cc4ff with a bright rim. A single combat effect shape on its own — a burst/streak of light and colour with nothing behind it. Centred, radiating outward, fading to nothing before the canvas edge. Subject fully isolated on a pure flat #00FF00 background (nothing else in frame), so the background can be keyed out to transparent. Do not crop any part of the subject. No character, no weapon, no background, no text. Flat vector game art, hand-painted storybook look, soft cel shading with two or three tone steps per surface, NO black outlines, NO gradients across the whole image, NO photorealism, NO 3D render, NO pixel art dithering. Warm saturated fantasy palette anchored on: grass #49a34a, deep leaf #3f9642, wood #8b5a2b, dark wood #6b4423, stone #8f97ab, cold stone #b7bfd0, water #7cc4ff, pale sky #cfe4ff, gold #ffd166, pale gold #ffe9a8, ember #c98a5c, arcane #c58cff, shadow #2a0c08. Clean readable silhouette that still reads at 1/4 size. Even ambient light from above, no cast shadow on the ground unless asked."
"tile_grass2","assets/tiles/grass2.png","64x64","32x32","바닥 타일(이어 붙음)","풀 변형2","the same meadow grass with a different scatter of blades and one small dirt scuff. Seamless repeating floor tile, straight top-down view (camera exactly overhead). The image fills the entire canvas edge to edge with no border, no frame, no margin. ⚠ CRITICAL: the tile is laid in a 40x32 grid, so it must tile seamlessly — left edge must continue into the right edge and top into bottom. ABSOLUTELY NO directional light (no brighter-top/darker-bottom), NO vignette, NO border or outline on any edge, NO single big feature in the centre. Keep the base colour perfectly flat and put all variation into small scattered speckles and marks that do not touch the edges. Flat vector game art, hand-painted storybook look, soft cel shading with two or three tone steps per surface, NO black outlines, NO gradients across the whole image, NO photorealism, NO 3D render, NO pixel art dithering. Warm saturated fantasy palette anchored on: grass #49a34a, deep leaf #3f9642, wood #8b5a2b, dark wood #6b4423, stone #8f97ab, cold stone #b7bfd0, water #7cc4ff, pale sky #cfe4ff, gold #ffd166, pale gold #ffe9a8, ember #c98a5c, arcane #c58cff, shadow #2a0c08. Clean readable silhouette that still reads at 1/4 size. Even ambient light from above, no cast shadow on the ground unless asked."
"tile_grass3","assets/tiles/grass3.png","64x64","32x32","바닥 타일(이어 붙음)","풀 변형3","the same meadow grass with a different scatter of blades and two tiny pebbles. Seamless repeating floor tile, straight top-down view (camera exactly overhead). The image fills the entire canvas edge to edge with no border, no frame, no margin. ⚠ CRITICAL: the tile is laid in a 40x32 grid, so it must tile seamlessly — left edge must continue into the right edge and top into bottom. ABSOLUTELY NO directional light (no brighter-top/darker-bottom), NO vignette, NO border or outline on any edge, NO single big feature in the centre. Keep the base colour perfectly flat and put all variation into small scattered speckles and marks that do not touch the edges. Flat vector game art, hand-painted storybook look, soft cel shading with two or three tone steps per surface, NO black outlines, NO gradients across the whole image, NO photorealism, NO 3D render, NO pixel art dithering. Warm saturated fantasy palette anchored on: grass #49a34a, deep leaf #3f9642, wood #8b5a2b, dark wood #6b4423, stone #8f97ab, cold stone #b7bfd0, water #7cc4ff, pale sky #cfe4ff, gold #ffd166, pale gold #ffe9a8, ember #c98a5c, arcane #c58cff, shadow #2a0c08. Clean readable silhouette that still reads at 1/4 size. Even ambient light from above, no cast shadow on the ground unless asked."
"tile_grass4","assets/tiles/grass4.png","64x64","32x32","바닥 타일(이어 붙음)","풀 변형4","the same meadow grass with a different scatter of blades and a few tiny yellow flowers. Seamless repeating floor tile, straight top-down view (camera exactly overhead). The image fills the entire canvas edge to edge with no border, no frame, no margin. ⚠ CRITICAL: the tile is laid in a 40x32 grid, so it must tile seamlessly — left edge must continue into the right edge and top into bottom. ABSOLUTELY NO directional light (no brighter-top/darker-bottom), NO vignette, NO border or outline on any edge, NO single big feature in the centre. Keep the base colour perfectly flat and put all variation into small scattered speckles and marks that do not touch the edges. Flat vector game art, hand-painted storybook look, soft cel shading with two or three tone steps per surface, NO black outlines, NO gradients across the whole image, NO photorealism, NO 3D render, NO pixel art dithering. Warm saturated fantasy palette anchored on: grass #49a34a, deep leaf #3f9642, wood #8b5a2b, dark wood #6b4423, stone #8f97ab, cold stone #b7bfd0, water #7cc4ff, pale sky #cfe4ff, gold #ffd166, pale gold #ffe9a8, ember #c98a5c, arcane #c58cff, shadow #2a0c08. Clean readable silhouette that still reads at 1/4 size. Even ambient light from above, no cast shadow on the ground unless asked."
"tile_path2","assets/tiles/path2.png","64x64","32x32","바닥 타일(이어 붙음)","흙길 변형2","the same dirt path with a slightly different grit scatter. Seamless repeating floor tile, straight top-down view (camera exactly overhead). The image fills the entire canvas edge to edge with no border, no frame, no margin. ⚠ CRITICAL: the tile is laid in a 40x32 grid, so it must tile seamlessly — left edge must continue into the right edge and top into bottom. ABSOLUTELY NO directional light (no brighter-top/darker-bottom), NO vignette, NO border or outline on any edge, NO single big feature in the centre. Keep the base colour perfectly flat and put all variation into small scattered speckles and marks that do not touch the edges. Flat vector game art, hand-painted storybook look, soft cel shading with two or three tone steps per surface, NO black outlines, NO gradients across the whole image, NO photorealism, NO 3D render, NO pixel art dithering. Warm saturated fantasy palette anchored on: grass #49a34a, deep leaf #3f9642, wood #8b5a2b, dark wood #6b4423, stone #8f97ab, cold stone #b7bfd0, water #7cc4ff, pale sky #cfe4ff, gold #ffd166, pale gold #ffe9a8, ember #c98a5c, arcane #c58cff, shadow #2a0c08. Clean readable silhouette that still reads at 1/4 size. Even ambient light from above, no cast shadow on the ground unless asked."
"tile_pebble","assets/tiles/pebble.png","64x64","32x32","얹는 타일","잔돌","a handful of small grey pebbles lying loose. Single object drawn small and centred, seen from a 3/4 top-down angle. Subject fully isolated on a pure flat #00FF00 background (nothing else in frame), so the background can be keyed out to transparent. Do not crop any part of the subject. The outer edge of the object must be ragged and irregular (not a filled square), because this is layered on top of a ground tile and the ground shows through around it. No ground, no grass, no base plate underneath. Flat vector game art, hand-painted storybook look, soft cel shading with two or three tone steps per surface, NO black outlines, NO gradients across the whole image, NO photorealism, NO 3D render, NO pixel art dithering. Warm saturated fantasy palette anchored on: grass #49a34a, deep leaf #3f9642, wood #8b5a2b, dark wood #6b4423, stone #8f97ab, cold stone #b7bfd0, water #7cc4ff, pale sky #cfe4ff, gold #ffd166, pale gold #ffe9a8, ember #c98a5c, arcane #c58cff, shadow #2a0c08. Clean readable silhouette that still reads at 1/4 size. Even ambient light from above, no cast shadow on the ground unless asked."
"tile_bush","assets/tiles/bush.png","64x64","32x32","얹는 타일","덤불","a low round leafy bush. Single object drawn small and centred, seen from a 3/4 top-down angle. Subject fully isolated on a pure flat #00FF00 background (nothing else in frame), so the background can be keyed out to transparent. Do not crop any part of the subject. The outer edge of the object must be ragged and irregular (not a filled square), because this is layered on top of a ground tile and the ground shows through around it. No ground, no grass, no base plate underneath. Flat vector game art, hand-painted storybook look, soft cel shading with two or three tone steps per surface, NO black outlines, NO gradients across the whole image, NO photorealism, NO 3D render, NO pixel art dithering. Warm saturated fantasy palette anchored on: grass #49a34a, deep leaf #3f9642, wood #8b5a2b, dark wood #6b4423, stone #8f97ab, cold stone #b7bfd0, water #7cc4ff, pale sky #cfe4ff, gold #ffd166, pale gold #ffe9a8, ember #c98a5c, arcane #c58cff, shadow #2a0c08. Clean readable silhouette that still reads at 1/4 size. Even ambient light from above, no cast shadow on the ground unless asked."
"tile_stump","assets/tiles/stump.png","64x64","32x32","얹는 타일","그루터기","a cut tree stump with visible rings. Single object drawn small and centred, seen from a 3/4 top-down angle. Subject fully isolated on a pure flat #00FF00 background (nothing else in frame), so the background can be keyed out to transparent. Do not crop any part of the subject. The outer edge of the object must be ragged and irregular (not a filled square), because this is layered on top of a ground tile and the ground shows through around it. No ground, no grass, no base plate underneath. Flat vector game art, hand-painted storybook look, soft cel shading with two or three tone steps per surface, NO black outlines, NO gradients across the whole image, NO photorealism, NO 3D render, NO pixel art dithering. Warm saturated fantasy palette anchored on: grass #49a34a, deep leaf #3f9642, wood #8b5a2b, dark wood #6b4423, stone #8f97ab, cold stone #b7bfd0, water #7cc4ff, pale sky #cfe4ff, gold #ffd166, pale gold #ffe9a8, ember #c98a5c, arcane #c58cff, shadow #2a0c08. Clean readable silhouette that still reads at 1/4 size. Even ambient light from above, no cast shadow on the ground unless asked."
"tile_grass_tall","assets/tiles/grass_tall.png","64x64","32x32","얹는 타일","키큰 풀","a clump of tall wild grass growing up out of the ground. Single object drawn small and centred, seen from a 3/4 top-down angle. Subject fully isolated on a pure flat #00FF00 background (nothing else in frame), so the background can be keyed out to transparent. Do not crop any part of the subject. The outer edge of the object must be ragged and irregular (not a filled square), because this is layered on top of a ground tile and the ground shows through around it. No ground, no grass, no base plate underneath. Flat vector game art, hand-painted storybook look, soft cel shading with two or three tone steps per surface, NO black outlines, NO gradients across the whole image, NO photorealism, NO 3D render, NO pixel art dithering. Warm saturated fantasy palette anchored on: grass #49a34a, deep leaf #3f9642, wood #8b5a2b, dark wood #6b4423, stone #8f97ab, cold stone #b7bfd0, water #7cc4ff, pale sky #cfe4ff, gold #ffd166, pale gold #ffe9a8, ember #c98a5c, arcane #c58cff, shadow #2a0c08. Clean readable silhouette that still reads at 1/4 size. Even ambient light from above, no cast shadow on the ground unless asked."
"tile_tree2","assets/tiles/tree2.png","64x64","32x32","얹는 타일","나무 변형2","a small conifer with a darker needled canopy. Single object drawn small and centred, seen from a 3/4 top-down angle. Subject fully isolated on a pure flat #00FF00 background (nothing else in frame), so the background can be keyed out to transparent. Do not crop any part of the subject. The outer edge of the object must be ragged and irregular (not a filled square), because this is layered on top of a ground tile and the ground shows through around it. No ground, no grass, no base plate underneath. Flat vector game art, hand-painted storybook look, soft cel shading with two or three tone steps per surface, NO black outlines, NO gradients across the whole image, NO photorealism, NO 3D render, NO pixel art dithering. Warm saturated fantasy palette anchored on: grass #49a34a, deep leaf #3f9642, wood #8b5a2b, dark wood #6b4423, stone #8f97ab, cold stone #b7bfd0, water #7cc4ff, pale sky #cfe4ff, gold #ffd166, pale gold #ffe9a8, ember #c98a5c, arcane #c58cff, shadow #2a0c08. Clean readable silhouette that still reads at 1/4 size. Even ambient light from above, no cast shadow on the ground unless asked."
"tile_tree3","assets/tiles/tree3.png","64x64","32x32","얹는 타일","나무 변형3","a small broadleaf tree with a lighter, yellower canopy. Single object drawn small and centred, seen from a 3/4 top-down angle. Subject fully isolated on a pure flat #00FF00 background (nothing else in frame), so the background can be keyed out to transparent. Do not crop any part of the subject. The outer edge of the object must be ragged and irregular (not a filled square), because this is layered on top of a ground tile and the ground shows through around it. No ground, no grass, no base plate underneath. Flat vector game art, hand-painted storybook look, soft cel shading with two or three tone steps per surface, NO black outlines, NO gradients across the whole image, NO photorealism, NO 3D render, NO pixel art dithering. Warm saturated fantasy palette anchored on: grass #49a34a, deep leaf #3f9642, wood #8b5a2b, dark wood #6b4423, stone #8f97ab, cold stone #b7bfd0, water #7cc4ff, pale sky #cfe4ff, gold #ffd166, pale gold #ffe9a8, ember #c98a5c, arcane #c58cff, shadow #2a0c08. Clean readable silhouette that still reads at 1/4 size. Even ambient light from above, no cast shadow on the ground unless asked."
"tile_edge_grass_n","assets/tiles/edge_grass_n.png","64x64","32x32","이음새 타일","길가 풀(n)","short meadow grass on the top edge meeting bare dirt across the rest of the tile. Transition tile: one single edge of the square carries the second material, the rest of the tile is the first material. Straight top-down view. The image fills the entire canvas edge to edge with no border, no frame, no margin. The wavy boundary must start and end exactly at the two side edges so that neighbouring copies line up. No directional light, no border. Flat vector game art, hand-painted storybook look, soft cel shading with two or three tone steps per surface, NO black outlines, NO gradients across the whole image, NO photorealism, NO 3D render, NO pixel art dithering. Warm saturated fantasy palette anchored on: grass #49a34a, deep leaf #3f9642, wood #8b5a2b, dark wood #6b4423, stone #8f97ab, cold stone #b7bfd0, water #7cc4ff, pale sky #cfe4ff, gold #ffd166, pale gold #ffe9a8, ember #c98a5c, arcane #c58cff, shadow #2a0c08. Clean readable silhouette that still reads at 1/4 size. Even ambient light from above, no cast shadow on the ground unless asked."
"tile_edge_grass_e","assets/tiles/edge_grass_e.png","64x64","32x32","이음새 타일","길가 풀(e)","short meadow grass on the right edge meeting bare dirt across the rest of the tile. Transition tile: one single edge of the square carries the second material, the rest of the tile is the first material. Straight top-down view. The image fills the entire canvas edge to edge with no border, no frame, no margin. The wavy boundary must start and end exactly at the two side edges so that neighbouring copies line up. No directional light, no border. Flat vector game art, hand-painted storybook look, soft cel shading with two or three tone steps per surface, NO black outlines, NO gradients across the whole image, NO photorealism, NO 3D render, NO pixel art dithering. Warm saturated fantasy palette anchored on: grass #49a34a, deep leaf #3f9642, wood #8b5a2b, dark wood #6b4423, stone #8f97ab, cold stone #b7bfd0, water #7cc4ff, pale sky #cfe4ff, gold #ffd166, pale gold #ffe9a8, ember #c98a5c, arcane #c58cff, shadow #2a0c08. Clean readable silhouette that still reads at 1/4 size. Even ambient light from above, no cast shadow on the ground unless asked."
"tile_edge_grass_s","assets/tiles/edge_grass_s.png","64x64","32x32","이음새 타일","길가 풀(s)","short meadow grass on the bottom edge meeting bare dirt across the rest of the tile. Transition tile: one single edge of the square carries the second material, the rest of the tile is the first material. Straight top-down view. The image fills the entire canvas edge to edge with no border, no frame, no margin. The wavy boundary must start and end exactly at the two side edges so that neighbouring copies line up. No directional light, no border. Flat vector game art, hand-painted storybook look, soft cel shading with two or three tone steps per surface, NO black outlines, NO gradients across the whole image, NO photorealism, NO 3D render, NO pixel art dithering. Warm saturated fantasy palette anchored on: grass #49a34a, deep leaf #3f9642, wood #8b5a2b, dark wood #6b4423, stone #8f97ab, cold stone #b7bfd0, water #7cc4ff, pale sky #cfe4ff, gold #ffd166, pale gold #ffe9a8, ember #c98a5c, arcane #c58cff, shadow #2a0c08. Clean readable silhouette that still reads at 1/4 size. Even ambient light from above, no cast shadow on the ground unless asked."
"tile_edge_grass_w","assets/tiles/edge_grass_w.png","64x64","32x32","이음새 타일","길가 풀(w)","short meadow grass on the left edge meeting bare dirt across the rest of the tile. Transition tile: one single edge of the square carries the second material, the rest of the tile is the first material. Straight top-down view. The image fills the entire canvas edge to edge with no border, no frame, no margin. The wavy boundary must start and end exactly at the two side edges so that neighbouring copies line up. No directional light, no border. Flat vector game art, hand-painted storybook look, soft cel shading with two or three tone steps per surface, NO black outlines, NO gradients across the whole image, NO photorealism, NO 3D render, NO pixel art dithering. Warm saturated fantasy palette anchored on: grass #49a34a, deep leaf #3f9642, wood #8b5a2b, dark wood #6b4423, stone #8f97ab, cold stone #b7bfd0, water #7cc4ff, pale sky #cfe4ff, gold #ffd166, pale gold #ffe9a8, ember #c98a5c, arcane #c58cff, shadow #2a0c08. Clean readable silhouette that still reads at 1/4 size. Even ambient light from above, no cast shadow on the ground unless asked."
"tile_castle_gate_ul","assets/tiles/castle_gate_ul.png","64x64","32x32","얹는 타일","성문 좌상","TOP-LEFT quarter of a great arched castle gatehouse (iron-banded double doors under a stone arch). Single object drawn small and centred, seen from a 3/4 top-down angle. Subject fully isolated on a pure flat #00FF00 background (nothing else in frame), so the background can be keyed out to transparent. Do not crop any part of the subject. The outer edge of the object must be ragged and irregular (not a filled square), because this is layered on top of a ground tile and the ground shows through around it. No ground, no grass, no base plate underneath. Flat vector game art, hand-painted storybook look, soft cel shading with two or three tone steps per surface, NO black outlines, NO gradients across the whole image, NO photorealism, NO 3D render, NO pixel art dithering. Warm saturated fantasy palette anchored on: grass #49a34a, deep leaf #3f9642, wood #8b5a2b, dark wood #6b4423, stone #8f97ab, cold stone #b7bfd0, water #7cc4ff, pale sky #cfe4ff, gold #ffd166, pale gold #ffe9a8, ember #c98a5c, arcane #c58cff, shadow #2a0c08. Clean readable silhouette that still reads at 1/4 size. Even ambient light from above, no cast shadow on the ground unless asked."
"tile_castle_gate_ur","assets/tiles/castle_gate_ur.png","64x64","32x32","얹는 타일","성문 우상","TOP-RIGHT quarter of that same great arched castle gatehouse. Single object drawn small and centred, seen from a 3/4 top-down angle. Subject fully isolated on a pure flat #00FF00 background (nothing else in frame), so the background can be keyed out to transparent. Do not crop any part of the subject. The outer edge of the object must be ragged and irregular (not a filled square), because this is layered on top of a ground tile and the ground shows through around it. No ground, no grass, no base plate underneath. Flat vector game art, hand-painted storybook look, soft cel shading with two or three tone steps per surface, NO black outlines, NO gradients across the whole image, NO photorealism, NO 3D render, NO pixel art dithering. Warm saturated fantasy palette anchored on: grass #49a34a, deep leaf #3f9642, wood #8b5a2b, dark wood #6b4423, stone #8f97ab, cold stone #b7bfd0, water #7cc4ff, pale sky #cfe4ff, gold #ffd166, pale gold #ffe9a8, ember #c98a5c, arcane #c58cff, shadow #2a0c08. Clean readable silhouette that still reads at 1/4 size. Even ambient light from above, no cast shadow on the ground unless asked."
"tile_castle_gate_dl","assets/tiles/castle_gate_dl.png","64x64","32x32","얹는 타일","성문 좌하","BOTTOM-LEFT quarter of that same great arched castle gatehouse. Single object drawn small and centred, seen from a 3/4 top-down angle. Subject fully isolated on a pure flat #00FF00 background (nothing else in frame), so the background can be keyed out to transparent. Do not crop any part of the subject. The outer edge of the object must be ragged and irregular (not a filled square), because this is layered on top of a ground tile and the ground shows through around it. No ground, no grass, no base plate underneath. Flat vector game art, hand-painted storybook look, soft cel shading with two or three tone steps per surface, NO black outlines, NO gradients across the whole image, NO photorealism, NO 3D render, NO pixel art dithering. Warm saturated fantasy palette anchored on: grass #49a34a, deep leaf #3f9642, wood #8b5a2b, dark wood #6b4423, stone #8f97ab, cold stone #b7bfd0, water #7cc4ff, pale sky #cfe4ff, gold #ffd166, pale gold #ffe9a8, ember #c98a5c, arcane #c58cff, shadow #2a0c08. Clean readable silhouette that still reads at 1/4 size. Even ambient light from above, no cast shadow on the ground unless asked."
"tile_castle_gate_dr","assets/tiles/castle_gate_dr.png","64x64","32x32","얹는 타일","성문 우하","BOTTOM-RIGHT quarter of that same great arched castle gatehouse. Single object drawn small and centred, seen from a 3/4 top-down angle. Subject fully isolated on a pure flat #00FF00 background (nothing else in frame), so the background can be keyed out to transparent. Do not crop any part of the subject. The outer edge of the object must be ragged and irregular (not a filled square), because this is layered on top of a ground tile and the ground shows through around it. No ground, no grass, no base plate underneath. Flat vector game art, hand-painted storybook look, soft cel shading with two or three tone steps per surface, NO black outlines, NO gradients across the whole image, NO photorealism, NO 3D render, NO pixel art dithering. Warm saturated fantasy palette anchored on: grass #49a34a, deep leaf #3f9642, wood #8b5a2b, dark wood #6b4423, stone #8f97ab, cold stone #b7bfd0, water #7cc4ff, pale sky #cfe4ff, gold #ffd166, pale gold #ffe9a8, ember #c98a5c, arcane #c58cff, shadow #2a0c08. Clean readable silhouette that still reads at 1/4 size. Even ambient light from above, no cast shadow on the ground unless asked."
"tile_castle_tower_tl","assets/tiles/castle_tower_tl.png","64x64","32x32","얹는 타일","망루 좌상","TOP-LEFT quarter of a round castle watchtower with a conical roof. Single object drawn small and centred, seen from a 3/4 top-down angle. Subject fully isolated on a pure flat #00FF00 background (nothing else in frame), so the background can be keyed out to transparent. Do not crop any part of the subject. The outer edge of the object must be ragged and irregular (not a filled square), because this is layered on top of a ground tile and the ground shows through around it. No ground, no grass, no base plate underneath. Flat vector game art, hand-painted storybook look, soft cel shading with two or three tone steps per surface, NO black outlines, NO gradients across the whole image, NO photorealism, NO 3D render, NO pixel art dithering. Warm saturated fantasy palette anchored on: grass #49a34a, deep leaf #3f9642, wood #8b5a2b, dark wood #6b4423, stone #8f97ab, cold stone #b7bfd0, water #7cc4ff, pale sky #cfe4ff, gold #ffd166, pale gold #ffe9a8, ember #c98a5c, arcane #c58cff, shadow #2a0c08. Clean readable silhouette that still reads at 1/4 size. Even ambient light from above, no cast shadow on the ground unless asked."
"tile_castle_tower_tr","assets/tiles/castle_tower_tr.png","64x64","32x32","얹는 타일","망루 우상","TOP-RIGHT quarter of that same round castle watchtower. Single object drawn small and centred, seen from a 3/4 top-down angle. Subject fully isolated on a pure flat #00FF00 background (nothing else in frame), so the background can be keyed out to transparent. Do not crop any part of the subject. The outer edge of the object must be ragged and irregular (not a filled square), because this is layered on top of a ground tile and the ground shows through around it. No ground, no grass, no base plate underneath. Flat vector game art, hand-painted storybook look, soft cel shading with two or three tone steps per surface, NO black outlines, NO gradients across the whole image, NO photorealism, NO 3D render, NO pixel art dithering. Warm saturated fantasy palette anchored on: grass #49a34a, deep leaf #3f9642, wood #8b5a2b, dark wood #6b4423, stone #8f97ab, cold stone #b7bfd0, water #7cc4ff, pale sky #cfe4ff, gold #ffd166, pale gold #ffe9a8, ember #c98a5c, arcane #c58cff, shadow #2a0c08. Clean readable silhouette that still reads at 1/4 size. Even ambient light from above, no cast shadow on the ground unless asked."
"tile_castle_tower_bl","assets/tiles/castle_tower_bl.png","64x64","32x32","얹는 타일","망루 좌하","BOTTOM-LEFT quarter of that same round castle watchtower. Single object drawn small and centred, seen from a 3/4 top-down angle. Subject fully isolated on a pure flat #00FF00 background (nothing else in frame), so the background can be keyed out to transparent. Do not crop any part of the subject. The outer edge of the object must be ragged and irregular (not a filled square), because this is layered on top of a ground tile and the ground shows through around it. No ground, no grass, no base plate underneath. Flat vector game art, hand-painted storybook look, soft cel shading with two or three tone steps per surface, NO black outlines, NO gradients across the whole image, NO photorealism, NO 3D render, NO pixel art dithering. Warm saturated fantasy palette anchored on: grass #49a34a, deep leaf #3f9642, wood #8b5a2b, dark wood #6b4423, stone #8f97ab, cold stone #b7bfd0, water #7cc4ff, pale sky #cfe4ff, gold #ffd166, pale gold #ffe9a8, ember #c98a5c, arcane #c58cff, shadow #2a0c08. Clean readable silhouette that still reads at 1/4 size. Even ambient light from above, no cast shadow on the ground unless asked."
"tile_castle_tower_br","assets/tiles/castle_tower_br.png","64x64","32x32","얹는 타일","망루 우하","BOTTOM-RIGHT quarter of that same round castle watchtower. Single object drawn small and centred, seen from a 3/4 top-down angle. Subject fully isolated on a pure flat #00FF00 background (nothing else in frame), so the background can be keyed out to transparent. Do not crop any part of the subject. The outer edge of the object must be ragged and irregular (not a filled square), because this is layered on top of a ground tile and the ground shows through around it. No ground, no grass, no base plate underneath. Flat vector game art, hand-painted storybook look, soft cel shading with two or three tone steps per surface, NO black outlines, NO gradients across the whole image, NO photorealism, NO 3D render, NO pixel art dithering. Warm saturated fantasy palette anchored on: grass #49a34a, deep leaf #3f9642, wood #8b5a2b, dark wood #6b4423, stone #8f97ab, cold stone #b7bfd0, water #7cc4ff, pale sky #cfe4ff, gold #ffd166, pale gold #ffe9a8, ember #c98a5c, arcane #c58cff, shadow #2a0c08. Clean readable silhouette that still reads at 1/4 size. Even ambient light from above, no cast shadow on the ground unless asked."
"tile_castle_batt","assets/tiles/castle_batt.png","64x64","32x32","얹는 타일","성벽 총안","a battlement merlon seen from above. Single object drawn small and centred, seen from a 3/4 top-down angle. Subject fully isolated on a pure flat #00FF00 background (nothing else in frame), so the background can be keyed out to transparent. Do not crop any part of the subject. The outer edge of the object must be ragged and irregular (not a filled square), because this is layered on top of a ground tile and the ground shows through around it. No ground, no grass, no base plate underneath. Flat vector game art, hand-painted storybook look, soft cel shading with two or three tone steps per surface, NO black outlines, NO gradients across the whole image, NO photorealism, NO 3D render, NO pixel art dithering. Warm saturated fantasy palette anchored on: grass #49a34a, deep leaf #3f9642, wood #8b5a2b, dark wood #6b4423, stone #8f97ab, cold stone #b7bfd0, water #7cc4ff, pale sky #cfe4ff, gold #ffd166, pale gold #ffe9a8, ember #c98a5c, arcane #c58cff, shadow #2a0c08. Clean readable silhouette that still reads at 1/4 size. Even ambient light from above, no cast shadow on the ground unless asked."
"tile_castle_window","assets/tiles/castle_window.png","64x64","32x32","얹는 타일","성벽 창","a narrow arched castle window with dark glass. Single object drawn small and centred, seen from a 3/4 top-down angle. Subject fully isolated on a pure flat #00FF00 background (nothing else in frame), so the background can be keyed out to transparent. Do not crop any part of the subject. The outer edge of the object must be ragged and irregular (not a filled square), because this is layered on top of a ground tile and the ground shows through around it. No ground, no grass, no base plate underneath. Flat vector game art, hand-painted storybook look, soft cel shading with two or three tone steps per surface, NO black outlines, NO gradients across the whole image, NO photorealism, NO 3D render, NO pixel art dithering. Warm saturated fantasy palette anchored on: grass #49a34a, deep leaf #3f9642, wood #8b5a2b, dark wood #6b4423, stone #8f97ab, cold stone #b7bfd0, water #7cc4ff, pale sky #cfe4ff, gold #ffd166, pale gold #ffe9a8, ember #c98a5c, arcane #c58cff, shadow #2a0c08. Clean readable silhouette that still reads at 1/4 size. Even ambient light from above, no cast shadow on the ground unless asked."
"tile_tree_shade","assets/tiles/tree_shade.png","112x80","56x40","키 큰 타일","나무 그늘","a soft pool of dappled tree shade, semi-transparent dark green. Tall object standing on the ground, seen from a 3/4 top-down angle, drawn so that the base sits at the very bottom edge of the canvas and the top is free. Subject fully isolated on a pure flat #00FF00 background (nothing else in frame), so the background can be keyed out to transparent. Do not crop any part of the subject. No ground plate, no shadow disc under it. Flat vector game art, hand-painted storybook look, soft cel shading with two or three tone steps per surface, NO black outlines, NO gradients across the whole image, NO photorealism, NO 3D render, NO pixel art dithering. Warm saturated fantasy palette anchored on: grass #49a34a, deep leaf #3f9642, wood #8b5a2b, dark wood #6b4423, stone #8f97ab, cold stone #b7bfd0, water #7cc4ff, pale sky #cfe4ff, gold #ffd166, pale gold #ffe9a8, ember #c98a5c, arcane #c58cff, shadow #2a0c08. Clean readable silhouette that still reads at 1/4 size. Even ambient light from above, no cast shadow on the ground unless asked."
"tile_house_roof_top","assets/tiles/house_roof_top.png","64x240","32x120","키 큰 타일","지붕 윗줄","the ridge cap of a terracotta roof, running left to right. Tall object standing on the ground, seen from a 3/4 top-down angle, drawn so that the base sits at the very bottom edge of the canvas and the top is free. Subject fully isolated on a pure flat #00FF00 background (nothing else in frame), so the background can be keyed out to transparent. Do not crop any part of the subject. No ground plate, no shadow disc under it. Flat vector game art, hand-painted storybook look, soft cel shading with two or three tone steps per surface, NO black outlines, NO gradients across the whole image, NO photorealism, NO 3D render, NO pixel art dithering. Warm saturated fantasy palette anchored on: grass #49a34a, deep leaf #3f9642, wood #8b5a2b, dark wood #6b4423, stone #8f97ab, cold stone #b7bfd0, water #7cc4ff, pale sky #cfe4ff, gold #ffd166, pale gold #ffe9a8, ember #c98a5c, arcane #c58cff, shadow #2a0c08. Clean readable silhouette that still reads at 1/4 size. Even ambient light from above, no cast shadow on the ground unless asked."
"tile_house_roof_top_l","assets/tiles/house_roof_top_l.png","64x240","32x120","키 큰 타일","지붕 윗줄 · 왼쪽 끝","the left end cap of a terracotta roof ridge. Tall object standing on the ground, seen from a 3/4 top-down angle, drawn so that the base sits at the very bottom edge of the canvas and the top is free. Subject fully isolated on a pure flat #00FF00 background (nothing else in frame), so the background can be keyed out to transparent. Do not crop any part of the subject. No ground plate, no shadow disc under it. Flat vector game art, hand-painted storybook look, soft cel shading with two or three tone steps per surface, NO black outlines, NO gradients across the whole image, NO photorealism, NO 3D render, NO pixel art dithering. Warm saturated fantasy palette anchored on: grass #49a34a, deep leaf #3f9642, wood #8b5a2b, dark wood #6b4423, stone #8f97ab, cold stone #b7bfd0, water #7cc4ff, pale sky #cfe4ff, gold #ffd166, pale gold #ffe9a8, ember #c98a5c, arcane #c58cff, shadow #2a0c08. Clean readable silhouette that still reads at 1/4 size. Even ambient light from above, no cast shadow on the ground unless asked."
"tile_house_roof_top_r","assets/tiles/house_roof_top_r.png","64x240","32x120","키 큰 타일","지붕 윗줄 · 오른쪽 끝","the right end cap of a terracotta roof ridge. Tall object standing on the ground, seen from a 3/4 top-down angle, drawn so that the base sits at the very bottom edge of the canvas and the top is free. Subject fully isolated on a pure flat #00FF00 background (nothing else in frame), so the background can be keyed out to transparent. Do not crop any part of the subject. No ground plate, no shadow disc under it. Flat vector game art, hand-painted storybook look, soft cel shading with two or three tone steps per surface, NO black outlines, NO gradients across the whole image, NO photorealism, NO 3D render, NO pixel art dithering. Warm saturated fantasy palette anchored on: grass #49a34a, deep leaf #3f9642, wood #8b5a2b, dark wood #6b4423, stone #8f97ab, cold stone #b7bfd0, water #7cc4ff, pale sky #cfe4ff, gold #ffd166, pale gold #ffe9a8, ember #c98a5c, arcane #c58cff, shadow #2a0c08. Clean readable silhouette that still reads at 1/4 size. Even ambient light from above, no cast shadow on the ground unless asked."
"tile_shore_dnw","assets/tiles/shore_dnw.png","64x64","32x32","이음새 타일","물가 · 좌상","shallow water with a foam line meeting wet sand around the top-left corner of the tile. Transition tile: one single edge of the square carries the second material, the rest of the tile is the first material. Straight top-down view. The image fills the entire canvas edge to edge with no border, no frame, no margin. The wavy boundary must start and end exactly at the two side edges so that neighbouring copies line up. No directional light, no border. Flat vector game art, hand-painted storybook look, soft cel shading with two or three tone steps per surface, NO black outlines, NO gradients across the whole image, NO photorealism, NO 3D render, NO pixel art dithering. Warm saturated fantasy palette anchored on: grass #49a34a, deep leaf #3f9642, wood #8b5a2b, dark wood #6b4423, stone #8f97ab, cold stone #b7bfd0, water #7cc4ff, pale sky #cfe4ff, gold #ffd166, pale gold #ffe9a8, ember #c98a5c, arcane #c58cff, shadow #2a0c08. Clean readable silhouette that still reads at 1/4 size. Even ambient light from above, no cast shadow on the ground unless asked."
"tile_shore_dne","assets/tiles/shore_dne.png","64x64","32x32","이음새 타일","물가 · 우상","shallow water with a foam line meeting wet sand around the top-right corner of the tile. Transition tile: one single edge of the square carries the second material, the rest of the tile is the first material. Straight top-down view. The image fills the entire canvas edge to edge with no border, no frame, no margin. The wavy boundary must start and end exactly at the two side edges so that neighbouring copies line up. No directional light, no border. Flat vector game art, hand-painted storybook look, soft cel shading with two or three tone steps per surface, NO black outlines, NO gradients across the whole image, NO photorealism, NO 3D render, NO pixel art dithering. Warm saturated fantasy palette anchored on: grass #49a34a, deep leaf #3f9642, wood #8b5a2b, dark wood #6b4423, stone #8f97ab, cold stone #b7bfd0, water #7cc4ff, pale sky #cfe4ff, gold #ffd166, pale gold #ffe9a8, ember #c98a5c, arcane #c58cff, shadow #2a0c08. Clean readable silhouette that still reads at 1/4 size. Even ambient light from above, no cast shadow on the ground unless asked."
"tile_shore_dse","assets/tiles/shore_dse.png","64x64","32x32","이음새 타일","물가 · 우하","shallow water with a foam line meeting wet sand around the bottom-right corner of the tile. Transition tile: one single edge of the square carries the second material, the rest of the tile is the first material. Straight top-down view. The image fills the entire canvas edge to edge with no border, no frame, no margin. The wavy boundary must start and end exactly at the two side edges so that neighbouring copies line up. No directional light, no border. Flat vector game art, hand-painted storybook look, soft cel shading with two or three tone steps per surface, NO black outlines, NO gradients across the whole image, NO photorealism, NO 3D render, NO pixel art dithering. Warm saturated fantasy palette anchored on: grass #49a34a, deep leaf #3f9642, wood #8b5a2b, dark wood #6b4423, stone #8f97ab, cold stone #b7bfd0, water #7cc4ff, pale sky #cfe4ff, gold #ffd166, pale gold #ffe9a8, ember #c98a5c, arcane #c58cff, shadow #2a0c08. Clean readable silhouette that still reads at 1/4 size. Even ambient light from above, no cast shadow on the ground unless asked."
"tile_shore_dsw","assets/tiles/shore_dsw.png","64x64","32x32","이음새 타일","물가 · 좌하","shallow water with a foam line meeting wet sand around the bottom-left corner of the tile. Transition tile: one single edge of the square carries the second material, the rest of the tile is the first material. Straight top-down view. The image fills the entire canvas edge to edge with no border, no frame, no margin. The wavy boundary must start and end exactly at the two side edges so that neighbouring copies line up. No directional light, no border. Flat vector game art, hand-painted storybook look, soft cel shading with two or three tone steps per surface, NO black outlines, NO gradients across the whole image, NO photorealism, NO 3D render, NO pixel art dithering. Warm saturated fantasy palette anchored on: grass #49a34a, deep leaf #3f9642, wood #8b5a2b, dark wood #6b4423, stone #8f97ab, cold stone #b7bfd0, water #7cc4ff, pale sky #cfe4ff, gold #ffd166, pale gold #ffe9a8, ember #c98a5c, arcane #c58cff, shadow #2a0c08. Clean readable silhouette that still reads at 1/4 size. Even ambient light from above, no cast shadow on the ground unless asked."
"tile_castle_rug","assets/tiles/castle_rug.png","64x64","32x32","얹는 타일","왕실 융단","a long red-and-gold royal carpet runner, seen from above. Single object drawn small and centred, seen from a 3/4 top-down angle. Subject fully isolated on a pure flat #00FF00 background (nothing else in frame), so the background can be keyed out to transparent. Do not crop any part of the subject. The outer edge of the object must be ragged and irregular (not a filled square), because this is layered on top of a ground tile and the ground shows through around it. No ground, no grass, no base plate underneath. Flat vector game art, hand-painted storybook look, soft cel shading with two or three tone steps per surface, NO black outlines, NO gradients across the whole image, NO photorealism, NO 3D render, NO pixel art dithering. Warm saturated fantasy palette anchored on: grass #49a34a, deep leaf #3f9642, wood #8b5a2b, dark wood #6b4423, stone #8f97ab, cold stone #b7bfd0, water #7cc4ff, pale sky #cfe4ff, gold #ffd166, pale gold #ffe9a8, ember #c98a5c, arcane #c58cff, shadow #2a0c08. Clean readable silhouette that still reads at 1/4 size. Even ambient light from above, no cast shadow on the ground unless asked."
"tile_castle_rug_end","assets/tiles/castle_rug_end.png","64x64","32x32","얹는 타일","융단 끝단","the fringed end piece of that royal carpet runner. Single object drawn small and centred, seen from a 3/4 top-down angle. Subject fully isolated on a pure flat #00FF00 background (nothing else in frame), so the background can be keyed out to transparent. Do not crop any part of the subject. The outer edge of the object must be ragged and irregular (not a filled square), because this is layered on top of a ground tile and the ground shows through around it. No ground, no grass, no base plate underneath. Flat vector game art, hand-painted storybook look, soft cel shading with two or three tone steps per surface, NO black outlines, NO gradients across the whole image, NO photorealism, NO 3D render, NO pixel art dithering. Warm saturated fantasy palette anchored on: grass #49a34a, deep leaf #3f9642, wood #8b5a2b, dark wood #6b4423, stone #8f97ab, cold stone #b7bfd0, water #7cc4ff, pale sky #cfe4ff, gold #ffd166, pale gold #ffe9a8, ember #c98a5c, arcane #c58cff, shadow #2a0c08. Clean readable silhouette that still reads at 1/4 size. Even ambient light from above, no cast shadow on the ground unless asked."
"tile_castle_pillar","assets/tiles/castle_pillar.png","64x64","32x32","얹는 타일","성 기둥","a fluted stone pillar. Single object drawn small and centred, seen from a 3/4 top-down angle. Subject fully isolated on a pure flat #00FF00 background (nothing else in frame), so the background can be keyed out to transparent. Do not crop any part of the subject. The outer edge of the object must be ragged and irregular (not a filled square), because this is layered on top of a ground tile and the ground shows through around it. No ground, no grass, no base plate underneath. Flat vector game art, hand-painted storybook look, soft cel shading with two or three tone steps per surface, NO black outlines, NO gradients across the whole image, NO photorealism, NO 3D render, NO pixel art dithering. Warm saturated fantasy palette anchored on: grass #49a34a, deep leaf #3f9642, wood #8b5a2b, dark wood #6b4423, stone #8f97ab, cold stone #b7bfd0, water #7cc4ff, pale sky #cfe4ff, gold #ffd166, pale gold #ffe9a8, ember #c98a5c, arcane #c58cff, shadow #2a0c08. Clean readable silhouette that still reads at 1/4 size. Even ambient light from above, no cast shadow on the ground unless asked."
"tile_castle_glass","assets/tiles/castle_glass.png","64x64","32x32","얹는 타일","색유리 창","a stained-glass castle window in blue and gold. Single object drawn small and centred, seen from a 3/4 top-down angle. Subject fully isolated on a pure flat #00FF00 background (nothing else in frame), so the background can be keyed out to transparent. Do not crop any part of the subject. The outer edge of the object must be ragged and irregular (not a filled square), because this is layered on top of a ground tile and the ground shows through around it. No ground, no grass, no base plate underneath. Flat vector game art, hand-painted storybook look, soft cel shading with two or three tone steps per surface, NO black outlines, NO gradients across the whole image, NO photorealism, NO 3D render, NO pixel art dithering. Warm saturated fantasy palette anchored on: grass #49a34a, deep leaf #3f9642, wood #8b5a2b, dark wood #6b4423, stone #8f97ab, cold stone #b7bfd0, water #7cc4ff, pale sky #cfe4ff, gold #ffd166, pale gold #ffe9a8, ember #c98a5c, arcane #c58cff, shadow #2a0c08. Clean readable silhouette that still reads at 1/4 size. Even ambient light from above, no cast shadow on the ground unless asked."
"tile_wall_torch","assets/tiles/wall_torch.png","64x64","32x32","얹는 타일","벽 횃불","an iron wall bracket holding a lit torch. Single object drawn small and centred, seen from a 3/4 top-down angle. Subject fully isolated on a pure flat #00FF00 background (nothing else in frame), so the background can be keyed out to transparent. Do not crop any part of the subject. The outer edge of the object must be ragged and irregular (not a filled square), because this is layered on top of a ground tile and the ground shows through around it. No ground, no grass, no base plate underneath. Flat vector game art, hand-painted storybook look, soft cel shading with two or three tone steps per surface, NO black outlines, NO gradients across the whole image, NO photorealism, NO 3D render, NO pixel art dithering. Warm saturated fantasy palette anchored on: grass #49a34a, deep leaf #3f9642, wood #8b5a2b, dark wood #6b4423, stone #8f97ab, cold stone #b7bfd0, water #7cc4ff, pale sky #cfe4ff, gold #ffd166, pale gold #ffe9a8, ember #c98a5c, arcane #c58cff, shadow #2a0c08. Clean readable silhouette that still reads at 1/4 size. Even ambient light from above, no cast shadow on the ground unless asked."
"tile_dungeon_torch","assets/tiles/dungeon_torch.png","64x64","32x32","얹는 타일","지하감옥 횃불","a guttering dungeon torch in an iron ring, greenish flame. Single object drawn small and centred, seen from a 3/4 top-down angle. Subject fully isolated on a pure flat #00FF00 background (nothing else in frame), so the background can be keyed out to transparent. Do not crop any part of the subject. The outer edge of the object must be ragged and irregular (not a filled square), because this is layered on top of a ground tile and the ground shows through around it. No ground, no grass, no base plate underneath. Flat vector game art, hand-painted storybook look, soft cel shading with two or three tone steps per surface, NO black outlines, NO gradients across the whole image, NO photorealism, NO 3D render, NO pixel art dithering. Warm saturated fantasy palette anchored on: grass #49a34a, deep leaf #3f9642, wood #8b5a2b, dark wood #6b4423, stone #8f97ab, cold stone #b7bfd0, water #7cc4ff, pale sky #cfe4ff, gold #ffd166, pale gold #ffe9a8, ember #c98a5c, arcane #c58cff, shadow #2a0c08. Clean readable silhouette that still reads at 1/4 size. Even ambient light from above, no cast shadow on the ground unless asked."
"mark_warrior","assets/ui/marks/warrior.png","48x48","24x24","작은 표식","용사 마크","a sword crossed over a shield. Tiny flat emblem/badge, one simple symbol only, heavy shapes, no fine detail, because it is shown at 24x24 pixels. Subject fully isolated on a pure flat #00FF00 background (nothing else in frame), so the background can be keyed out to transparent. Do not crop any part of the subject. No text, no border ring. Flat vector game art, hand-painted storybook look, soft cel shading with two or three tone steps per surface, NO black outlines, NO gradients across the whole image, NO photorealism, NO 3D render, NO pixel art dithering. Warm saturated fantasy palette anchored on: grass #49a34a, deep leaf #3f9642, wood #8b5a2b, dark wood #6b4423, stone #8f97ab, cold stone #b7bfd0, water #7cc4ff, pale sky #cfe4ff, gold #ffd166, pale gold #ffe9a8, ember #c98a5c, arcane #c58cff, shadow #2a0c08. Clean readable silhouette that still reads at 1/4 size. Even ambient light from above, no cast shadow on the ground unless asked."
"mark_ranger","assets/ui/marks/ranger.png","48x48","24x24","작은 표식","사냥꾼 마크","a drawn bow with one arrow. Tiny flat emblem/badge, one simple symbol only, heavy shapes, no fine detail, because it is shown at 24x24 pixels. Subject fully isolated on a pure flat #00FF00 background (nothing else in frame), so the background can be keyed out to transparent. Do not crop any part of the subject. No text, no border ring. Flat vector game art, hand-painted storybook look, soft cel shading with two or three tone steps per surface, NO black outlines, NO gradients across the whole image, NO photorealism, NO 3D render, NO pixel art dithering. Warm saturated fantasy palette anchored on: grass #49a34a, deep leaf #3f9642, wood #8b5a2b, dark wood #6b4423, stone #8f97ab, cold stone #b7bfd0, water #7cc4ff, pale sky #cfe4ff, gold #ffd166, pale gold #ffe9a8, ember #c98a5c, arcane #c58cff, shadow #2a0c08. Clean readable silhouette that still reads at 1/4 size. Even ambient light from above, no cast shadow on the ground unless asked."
"mark_mage","assets/ui/marks/mage.png","48x48","24x24","작은 표식","마법사 마크","a staff topped with a glowing orb. Tiny flat emblem/badge, one simple symbol only, heavy shapes, no fine detail, because it is shown at 24x24 pixels. Subject fully isolated on a pure flat #00FF00 background (nothing else in frame), so the background can be keyed out to transparent. Do not crop any part of the subject. No text, no border ring. Flat vector game art, hand-painted storybook look, soft cel shading with two or three tone steps per surface, NO black outlines, NO gradients across the whole image, NO photorealism, NO 3D render, NO pixel art dithering. Warm saturated fantasy palette anchored on: grass #49a34a, deep leaf #3f9642, wood #8b5a2b, dark wood #6b4423, stone #8f97ab, cold stone #b7bfd0, water #7cc4ff, pale sky #cfe4ff, gold #ffd166, pale gold #ffe9a8, ember #c98a5c, arcane #c58cff, shadow #2a0c08. Clean readable silhouette that still reads at 1/4 size. Even ambient light from above, no cast shadow on the ground unless asked."
"tile_crust_n","assets/tiles/crust_n.png","64x64","32x32","이음새 타일","용암가 · 위","glowing magma on the top edge meeting black basalt crust across the rest of the tile. Transition tile: one single edge of the square carries the second material, the rest of the tile is the first material. Straight top-down view. The image fills the entire canvas edge to edge with no border, no frame, no margin. The wavy boundary must start and end exactly at the two side edges so that neighbouring copies line up. No directional light, no border. Flat vector game art, hand-painted storybook look, soft cel shading with two or three tone steps per surface, NO black outlines, NO gradients across the whole image, NO photorealism, NO 3D render, NO pixel art dithering. Warm saturated fantasy palette anchored on: grass #49a34a, deep leaf #3f9642, wood #8b5a2b, dark wood #6b4423, stone #8f97ab, cold stone #b7bfd0, water #7cc4ff, pale sky #cfe4ff, gold #ffd166, pale gold #ffe9a8, ember #c98a5c, arcane #c58cff, shadow #2a0c08. Clean readable silhouette that still reads at 1/4 size. Even ambient light from above, no cast shadow on the ground unless asked."
"tile_crust_e","assets/tiles/crust_e.png","64x64","32x32","이음새 타일","용암가 · 오른쪽","glowing magma on the right edge meeting black basalt crust across the rest of the tile. Transition tile: one single edge of the square carries the second material, the rest of the tile is the first material. Straight top-down view. The image fills the entire canvas edge to edge with no border, no frame, no margin. The wavy boundary must start and end exactly at the two side edges so that neighbouring copies line up. No directional light, no border. Flat vector game art, hand-painted storybook look, soft cel shading with two or three tone steps per surface, NO black outlines, NO gradients across the whole image, NO photorealism, NO 3D render, NO pixel art dithering. Warm saturated fantasy palette anchored on: grass #49a34a, deep leaf #3f9642, wood #8b5a2b, dark wood #6b4423, stone #8f97ab, cold stone #b7bfd0, water #7cc4ff, pale sky #cfe4ff, gold #ffd166, pale gold #ffe9a8, ember #c98a5c, arcane #c58cff, shadow #2a0c08. Clean readable silhouette that still reads at 1/4 size. Even ambient light from above, no cast shadow on the ground unless asked."
"tile_crust_s","assets/tiles/crust_s.png","64x64","32x32","이음새 타일","용암가 · 아래","glowing magma on the bottom edge meeting black basalt crust across the rest of the tile. Transition tile: one single edge of the square carries the second material, the rest of the tile is the first material. Straight top-down view. The image fills the entire canvas edge to edge with no border, no frame, no margin. The wavy boundary must start and end exactly at the two side edges so that neighbouring copies line up. No directional light, no border. Flat vector game art, hand-painted storybook look, soft cel shading with two or three tone steps per surface, NO black outlines, NO gradients across the whole image, NO photorealism, NO 3D render, NO pixel art dithering. Warm saturated fantasy palette anchored on: grass #49a34a, deep leaf #3f9642, wood #8b5a2b, dark wood #6b4423, stone #8f97ab, cold stone #b7bfd0, water #7cc4ff, pale sky #cfe4ff, gold #ffd166, pale gold #ffe9a8, ember #c98a5c, arcane #c58cff, shadow #2a0c08. Clean readable silhouette that still reads at 1/4 size. Even ambient light from above, no cast shadow on the ground unless asked."
"tile_crust_w","assets/tiles/crust_w.png","64x64","32x32","이음새 타일","용암가 · 왼쪽","glowing magma on the left edge meeting black basalt crust across the rest of the tile. Transition tile: one single edge of the square carries the second material, the rest of the tile is the first material. Straight top-down view. The image fills the entire canvas edge to edge with no border, no frame, no margin. The wavy boundary must start and end exactly at the two side edges so that neighbouring copies line up. No directional light, no border. Flat vector game art, hand-painted storybook look, soft cel shading with two or three tone steps per surface, NO black outlines, NO gradients across the whole image, NO photorealism, NO 3D render, NO pixel art dithering. Warm saturated fantasy palette anchored on: grass #49a34a, deep leaf #3f9642, wood #8b5a2b, dark wood #6b4423, stone #8f97ab, cold stone #b7bfd0, water #7cc4ff, pale sky #cfe4ff, gold #ffd166, pale gold #ffe9a8, ember #c98a5c, arcane #c58cff, shadow #2a0c08. Clean readable silhouette that still reads at 1/4 size. Even ambient light from above, no cast shadow on the ground unless asked."
"tile_crust_dnw","assets/tiles/crust_dnw.png","64x64","32x32","이음새 타일","용암가 · 좌상","glowing magma meeting black basalt crust around the top-left corner of the tile. Transition tile: one single edge of the square carries the second material, the rest of the tile is the first material. Straight top-down view. The image fills the entire canvas edge to edge with no border, no frame, no margin. The wavy boundary must start and end exactly at the two side edges so that neighbouring copies line up. No directional light, no border. Flat vector game art, hand-painted storybook look, soft cel shading with two or three tone steps per surface, NO black outlines, NO gradients across the whole image, NO photorealism, NO 3D render, NO pixel art dithering. Warm saturated fantasy palette anchored on: grass #49a34a, deep leaf #3f9642, wood #8b5a2b, dark wood #6b4423, stone #8f97ab, cold stone #b7bfd0, water #7cc4ff, pale sky #cfe4ff, gold #ffd166, pale gold #ffe9a8, ember #c98a5c, arcane #c58cff, shadow #2a0c08. Clean readable silhouette that still reads at 1/4 size. Even ambient light from above, no cast shadow on the ground unless asked."
"tile_crust_dne","assets/tiles/crust_dne.png","64x64","32x32","이음새 타일","용암가 · 우상","glowing magma meeting black basalt crust around the top-right corner of the tile. Transition tile: one single edge of the square carries the second material, the rest of the tile is the first material. Straight top-down view. The image fills the entire canvas edge to edge with no border, no frame, no margin. The wavy boundary must start and end exactly at the two side edges so that neighbouring copies line up. No directional light, no border. Flat vector game art, hand-painted storybook look, soft cel shading with two or three tone steps per surface, NO black outlines, NO gradients across the whole image, NO photorealism, NO 3D render, NO pixel art dithering. Warm saturated fantasy palette anchored on: grass #49a34a, deep leaf #3f9642, wood #8b5a2b, dark wood #6b4423, stone #8f97ab, cold stone #b7bfd0, water #7cc4ff, pale sky #cfe4ff, gold #ffd166, pale gold #ffe9a8, ember #c98a5c, arcane #c58cff, shadow #2a0c08. Clean readable silhouette that still reads at 1/4 size. Even ambient light from above, no cast shadow on the ground unless asked."
"tile_crust_dse","assets/tiles/crust_dse.png","64x64","32x32","이음새 타일","용암가 · 우하","glowing magma meeting black basalt crust around the bottom-right corner of the tile. Transition tile: one single edge of the square carries the second material, the rest of the tile is the first material. Straight top-down view. The image fills the entire canvas edge to edge with no border, no frame, no margin. The wavy boundary must start and end exactly at the two side edges so that neighbouring copies line up. No directional light, no border. Flat vector game art, hand-painted storybook look, soft cel shading with two or three tone steps per surface, NO black outlines, NO gradients across the whole image, NO photorealism, NO 3D render, NO pixel art dithering. Warm saturated fantasy palette anchored on: grass #49a34a, deep leaf #3f9642, wood #8b5a2b, dark wood #6b4423, stone #8f97ab, cold stone #b7bfd0, water #7cc4ff, pale sky #cfe4ff, gold #ffd166, pale gold #ffe9a8, ember #c98a5c, arcane #c58cff, shadow #2a0c08. Clean readable silhouette that still reads at 1/4 size. Even ambient light from above, no cast shadow on the ground unless asked."
"tile_crust_dsw","assets/tiles/crust_dsw.png","64x64","32x32","이음새 타일","용암가 · 좌하","glowing magma meeting black basalt crust around the bottom-left corner of the tile. Transition tile: one single edge of the square carries the second material, the rest of the tile is the first material. Straight top-down view. The image fills the entire canvas edge to edge with no border, no frame, no margin. The wavy boundary must start and end exactly at the two side edges so that neighbouring copies line up. No directional light, no border. Flat vector game art, hand-painted storybook look, soft cel shading with two or three tone steps per surface, NO black outlines, NO gradients across the whole image, NO photorealism, NO 3D render, NO pixel art dithering. Warm saturated fantasy palette anchored on: grass #49a34a, deep leaf #3f9642, wood #8b5a2b, dark wood #6b4423, stone #8f97ab, cold stone #b7bfd0, water #7cc4ff, pale sky #cfe4ff, gold #ffd166, pale gold #ffe9a8, ember #c98a5c, arcane #c58cff, shadow #2a0c08. Clean readable silhouette that still reads at 1/4 size. Even ambient light from above, no cast shadow on the ground unless asked."
"tile_ash_rubble","assets/tiles/ash_rubble.png","64x64","32x32","얹는 타일","잿더미 자갈","a scatter of burnt rubble on ash. Single object drawn small and centred, seen from a 3/4 top-down angle. Subject fully isolated on a pure flat #00FF00 background (nothing else in frame), so the background can be keyed out to transparent. Do not crop any part of the subject. The outer edge of the object must be ragged and irregular (not a filled square), because this is layered on top of a ground tile and the ground shows through around it. No ground, no grass, no base plate underneath. Flat vector game art, hand-painted storybook look, soft cel shading with two or three tone steps per surface, NO black outlines, NO gradients across the whole image, NO photorealism, NO 3D render, NO pixel art dithering. Warm saturated fantasy palette anchored on: grass #49a34a, deep leaf #3f9642, wood #8b5a2b, dark wood #6b4423, stone #8f97ab, cold stone #b7bfd0, water #7cc4ff, pale sky #cfe4ff, gold #ffd166, pale gold #ffe9a8, ember #c98a5c, arcane #c58cff, shadow #2a0c08. Clean readable silhouette that still reads at 1/4 size. Even ambient light from above, no cast shadow on the ground unless asked."
"tile_charred_stump","assets/tiles/charred_stump.png","64x64","32x32","얹는 타일","타 버린 그루터기","the blackened stump of a burnt tree. Single object drawn small and centred, seen from a 3/4 top-down angle. Subject fully isolated on a pure flat #00FF00 background (nothing else in frame), so the background can be keyed out to transparent. Do not crop any part of the subject. The outer edge of the object must be ragged and irregular (not a filled square), because this is layered on top of a ground tile and the ground shows through around it. No ground, no grass, no base plate underneath. Flat vector game art, hand-painted storybook look, soft cel shading with two or three tone steps per surface, NO black outlines, NO gradients across the whole image, NO photorealism, NO 3D render, NO pixel art dithering. Warm saturated fantasy palette anchored on: grass #49a34a, deep leaf #3f9642, wood #8b5a2b, dark wood #6b4423, stone #8f97ab, cold stone #b7bfd0, water #7cc4ff, pale sky #cfe4ff, gold #ffd166, pale gold #ffe9a8, ember #c98a5c, arcane #c58cff, shadow #2a0c08. Clean readable silhouette that still reads at 1/4 size. Even ambient light from above, no cast shadow on the ground unless asked."
"tile_ash_vent","assets/tiles/ash_vent.png","64x64","32x32","얹는 타일","김이 새는 틈","a small vent in the ash breathing faint smoke. Single object drawn small and centred, seen from a 3/4 top-down angle. Subject fully isolated on a pure flat #00FF00 background (nothing else in frame), so the background can be keyed out to transparent. Do not crop any part of the subject. The outer edge of the object must be ragged and irregular (not a filled square), because this is layered on top of a ground tile and the ground shows through around it. No ground, no grass, no base plate underneath. Flat vector game art, hand-painted storybook look, soft cel shading with two or three tone steps per surface, NO black outlines, NO gradients across the whole image, NO photorealism, NO 3D render, NO pixel art dithering. Warm saturated fantasy palette anchored on: grass #49a34a, deep leaf #3f9642, wood #8b5a2b, dark wood #6b4423, stone #8f97ab, cold stone #b7bfd0, water #7cc4ff, pale sky #cfe4ff, gold #ffd166, pale gold #ffe9a8, ember #c98a5c, arcane #c58cff, shadow #2a0c08. Clean readable silhouette that still reads at 1/4 size. Even ambient light from above, no cast shadow on the ground unless asked."
"tile_tree_big","assets/tiles/tree_big.png","112x144","56x72","키 큰 타일","큰 나무","a tall mature broadleaf tree, thick trunk at the bottom, wide canopy at the top. Tall object standing on the ground, seen from a 3/4 top-down angle, drawn so that the base sits at the very bottom edge of the canvas and the top is free. Subject fully isolated on a pure flat #00FF00 background (nothing else in frame), so the background can be keyed out to transparent. Do not crop any part of the subject. No ground plate, no shadow disc under it. Flat vector game art, hand-painted storybook look, soft cel shading with two or three tone steps per surface, NO black outlines, NO gradients across the whole image, NO photorealism, NO 3D render, NO pixel art dithering. Warm saturated fantasy palette anchored on: grass #49a34a, deep leaf #3f9642, wood #8b5a2b, dark wood #6b4423, stone #8f97ab, cold stone #b7bfd0, water #7cc4ff, pale sky #cfe4ff, gold #ffd166, pale gold #ffe9a8, ember #c98a5c, arcane #c58cff, shadow #2a0c08. Clean readable silhouette that still reads at 1/4 size. Even ambient light from above, no cast shadow on the ground unless asked."
"tile_tree_big2","assets/tiles/tree_big2.png","112x144","56x72","키 큰 타일","큰 나무 2","a tall old conifer, dark needled tiers stacked up the trunk. Tall object standing on the ground, seen from a 3/4 top-down angle, drawn so that the base sits at the very bottom edge of the canvas and the top is free. Subject fully isolated on a pure flat #00FF00 background (nothing else in frame), so the background can be keyed out to transparent. Do not crop any part of the subject. No ground plate, no shadow disc under it. Flat vector game art, hand-painted storybook look, soft cel shading with two or three tone steps per surface, NO black outlines, NO gradients across the whole image, NO photorealism, NO 3D render, NO pixel art dithering. Warm saturated fantasy palette anchored on: grass #49a34a, deep leaf #3f9642, wood #8b5a2b, dark wood #6b4423, stone #8f97ab, cold stone #b7bfd0, water #7cc4ff, pale sky #cfe4ff, gold #ffd166, pale gold #ffe9a8, ember #c98a5c, arcane #c58cff, shadow #2a0c08. Clean readable silhouette that still reads at 1/4 size. Even ambient light from above, no cast shadow on the ground unless asked."
"tile_tree_big3","assets/tiles/tree_big3.png","112x144","56x72","키 큰 타일","큰 나무 3","a tall gnarled broadleaf tree with a twisted trunk and an autumn-tinted canopy. Tall object standing on the ground, seen from a 3/4 top-down angle, drawn so that the base sits at the very bottom edge of the canvas and the top is free. Subject fully isolated on a pure flat #00FF00 background (nothing else in frame), so the background can be keyed out to transparent. Do not crop any part of the subject. No ground plate, no shadow disc under it. Flat vector game art, hand-painted storybook look, soft cel shading with two or three tone steps per surface, NO black outlines, NO gradients across the whole image, NO photorealism, NO 3D render, NO pixel art dithering. Warm saturated fantasy palette anchored on: grass #49a34a, deep leaf #3f9642, wood #8b5a2b, dark wood #6b4423, stone #8f97ab, cold stone #b7bfd0, water #7cc4ff, pale sky #cfe4ff, gold #ffd166, pale gold #ffe9a8, ember #c98a5c, arcane #c58cff, shadow #2a0c08. Clean readable silhouette that still reads at 1/4 size. Even ambient light from above, no cast shadow on the ground unless asked."
"tile_water2","assets/tiles/water2.png","64x64","32x32","바닥 타일(이어 붙음)","물 2","the same water with a different ripple pattern. Seamless repeating floor tile, straight top-down view (camera exactly overhead). The image fills the entire canvas edge to edge with no border, no frame, no margin. ⚠ CRITICAL: the tile is laid in a 40x32 grid, so it must tile seamlessly — left edge must continue into the right edge and top into bottom. ABSOLUTELY NO directional light (no brighter-top/darker-bottom), NO vignette, NO border or outline on any edge, NO single big feature in the centre. Keep the base colour perfectly flat and put all variation into small scattered speckles and marks that do not touch the edges. Flat vector game art, hand-painted storybook look, soft cel shading with two or three tone steps per surface, NO black outlines, NO gradients across the whole image, NO photorealism, NO 3D render, NO pixel art dithering. Warm saturated fantasy palette anchored on: grass #49a34a, deep leaf #3f9642, wood #8b5a2b, dark wood #6b4423, stone #8f97ab, cold stone #b7bfd0, water #7cc4ff, pale sky #cfe4ff, gold #ffd166, pale gold #ffe9a8, ember #c98a5c, arcane #c58cff, shadow #2a0c08. Clean readable silhouette that still reads at 1/4 size. Even ambient light from above, no cast shadow on the ground unless asked."
"tile_shore_n","assets/tiles/shore_n.png","64x64","32x32","이음새 타일","물가 · 위","shallow water with a foam line on the top edge meeting wet sand across the rest of the tile. Transition tile: one single edge of the square carries the second material, the rest of the tile is the first material. Straight top-down view. The image fills the entire canvas edge to edge with no border, no frame, no margin. The wavy boundary must start and end exactly at the two side edges so that neighbouring copies line up. No directional light, no border. Flat vector game art, hand-painted storybook look, soft cel shading with two or three tone steps per surface, NO black outlines, NO gradients across the whole image, NO photorealism, NO 3D render, NO pixel art dithering. Warm saturated fantasy palette anchored on: grass #49a34a, deep leaf #3f9642, wood #8b5a2b, dark wood #6b4423, stone #8f97ab, cold stone #b7bfd0, water #7cc4ff, pale sky #cfe4ff, gold #ffd166, pale gold #ffe9a8, ember #c98a5c, arcane #c58cff, shadow #2a0c08. Clean readable silhouette that still reads at 1/4 size. Even ambient light from above, no cast shadow on the ground unless asked."
"tile_shore_e","assets/tiles/shore_e.png","64x64","32x32","이음새 타일","물가 · 오른쪽","shallow water with a foam line on the right edge meeting wet sand across the rest of the tile. Transition tile: one single edge of the square carries the second material, the rest of the tile is the first material. Straight top-down view. The image fills the entire canvas edge to edge with no border, no frame, no margin. The wavy boundary must start and end exactly at the two side edges so that neighbouring copies line up. No directional light, no border. Flat vector game art, hand-painted storybook look, soft cel shading with two or three tone steps per surface, NO black outlines, NO gradients across the whole image, NO photorealism, NO 3D render, NO pixel art dithering. Warm saturated fantasy palette anchored on: grass #49a34a, deep leaf #3f9642, wood #8b5a2b, dark wood #6b4423, stone #8f97ab, cold stone #b7bfd0, water #7cc4ff, pale sky #cfe4ff, gold #ffd166, pale gold #ffe9a8, ember #c98a5c, arcane #c58cff, shadow #2a0c08. Clean readable silhouette that still reads at 1/4 size. Even ambient light from above, no cast shadow on the ground unless asked."
"tile_shore_s","assets/tiles/shore_s.png","64x64","32x32","이음새 타일","물가 · 아래","shallow water with a foam line on the bottom edge meeting wet sand across the rest of the tile. Transition tile: one single edge of the square carries the second material, the rest of the tile is the first material. Straight top-down view. The image fills the entire canvas edge to edge with no border, no frame, no margin. The wavy boundary must start and end exactly at the two side edges so that neighbouring copies line up. No directional light, no border. Flat vector game art, hand-painted storybook look, soft cel shading with two or three tone steps per surface, NO black outlines, NO gradients across the whole image, NO photorealism, NO 3D render, NO pixel art dithering. Warm saturated fantasy palette anchored on: grass #49a34a, deep leaf #3f9642, wood #8b5a2b, dark wood #6b4423, stone #8f97ab, cold stone #b7bfd0, water #7cc4ff, pale sky #cfe4ff, gold #ffd166, pale gold #ffe9a8, ember #c98a5c, arcane #c58cff, shadow #2a0c08. Clean readable silhouette that still reads at 1/4 size. Even ambient light from above, no cast shadow on the ground unless asked."
"tile_shore_w","assets/tiles/shore_w.png","64x64","32x32","이음새 타일","물가 · 왼쪽","shallow water with a foam line on the left edge meeting wet sand across the rest of the tile. Transition tile: one single edge of the square carries the second material, the rest of the tile is the first material. Straight top-down view. The image fills the entire canvas edge to edge with no border, no frame, no margin. The wavy boundary must start and end exactly at the two side edges so that neighbouring copies line up. No directional light, no border. Flat vector game art, hand-painted storybook look, soft cel shading with two or three tone steps per surface, NO black outlines, NO gradients across the whole image, NO photorealism, NO 3D render, NO pixel art dithering. Warm saturated fantasy palette anchored on: grass #49a34a, deep leaf #3f9642, wood #8b5a2b, dark wood #6b4423, stone #8f97ab, cold stone #b7bfd0, water #7cc4ff, pale sky #cfe4ff, gold #ffd166, pale gold #ffe9a8, ember #c98a5c, arcane #c58cff, shadow #2a0c08. Clean readable silhouette that still reads at 1/4 size. Even ambient light from above, no cast shadow on the ground unless asked."
"tile_brick2","assets/tiles/brick2.png","64x64","32x32","바닥 타일(이어 붙음)","광장 돌바닥 2","the same flagstone paving with different worn marks. Seamless repeating floor tile, straight top-down view (camera exactly overhead). The image fills the entire canvas edge to edge with no border, no frame, no margin. ⚠ CRITICAL: the tile is laid in a 40x32 grid, so it must tile seamlessly — left edge must continue into the right edge and top into bottom. ABSOLUTELY NO directional light (no brighter-top/darker-bottom), NO vignette, NO border or outline on any edge, NO single big feature in the centre. Keep the base colour perfectly flat and put all variation into small scattered speckles and marks that do not touch the edges. Flat vector game art, hand-painted storybook look, soft cel shading with two or three tone steps per surface, NO black outlines, NO gradients across the whole image, NO photorealism, NO 3D render, NO pixel art dithering. Warm saturated fantasy palette anchored on: grass #49a34a, deep leaf #3f9642, wood #8b5a2b, dark wood #6b4423, stone #8f97ab, cold stone #b7bfd0, water #7cc4ff, pale sky #cfe4ff, gold #ffd166, pale gold #ffe9a8, ember #c98a5c, arcane #c58cff, shadow #2a0c08. Clean readable silhouette that still reads at 1/4 size. Even ambient light from above, no cast shadow on the ground unless asked."
"tile_castle_floor2","assets/tiles/castle_floor2.png","64x64","32x32","바닥 타일(이어 붙음)","성 바닥 2","the same hall flooring with a different wear pattern. Seamless repeating floor tile, straight top-down view (camera exactly overhead). The image fills the entire canvas edge to edge with no border, no frame, no margin. ⚠ CRITICAL: the tile is laid in a 40x32 grid, so it must tile seamlessly — left edge must continue into the right edge and top into bottom. ABSOLUTELY NO directional light (no brighter-top/darker-bottom), NO vignette, NO border or outline on any edge, NO single big feature in the centre. Keep the base colour perfectly flat and put all variation into small scattered speckles and marks that do not touch the edges. Flat vector game art, hand-painted storybook look, soft cel shading with two or three tone steps per surface, NO black outlines, NO gradients across the whole image, NO photorealism, NO 3D render, NO pixel art dithering. Warm saturated fantasy palette anchored on: grass #49a34a, deep leaf #3f9642, wood #8b5a2b, dark wood #6b4423, stone #8f97ab, cold stone #b7bfd0, water #7cc4ff, pale sky #cfe4ff, gold #ffd166, pale gold #ffe9a8, ember #c98a5c, arcane #c58cff, shadow #2a0c08. Clean readable silhouette that still reads at 1/4 size. Even ambient light from above, no cast shadow on the ground unless asked."
"tile_dungeon_floor2","assets/tiles/dungeon_floor2.png","64x64","32x32","바닥 타일(이어 붙음)","지하감옥 바닥 2","the same prison flagstones with different cracks. Seamless repeating floor tile, straight top-down view (camera exactly overhead). The image fills the entire canvas edge to edge with no border, no frame, no margin. ⚠ CRITICAL: the tile is laid in a 40x32 grid, so it must tile seamlessly — left edge must continue into the right edge and top into bottom. ABSOLUTELY NO directional light (no brighter-top/darker-bottom), NO vignette, NO border or outline on any edge, NO single big feature in the centre. Keep the base colour perfectly flat and put all variation into small scattered speckles and marks that do not touch the edges. Flat vector game art, hand-painted storybook look, soft cel shading with two or three tone steps per surface, NO black outlines, NO gradients across the whole image, NO photorealism, NO 3D render, NO pixel art dithering. Warm saturated fantasy palette anchored on: grass #49a34a, deep leaf #3f9642, wood #8b5a2b, dark wood #6b4423, stone #8f97ab, cold stone #b7bfd0, water #7cc4ff, pale sky #cfe4ff, gold #ffd166, pale gold #ffe9a8, ember #c98a5c, arcane #c58cff, shadow #2a0c08. Clean readable silhouette that still reads at 1/4 size. Even ambient light from above, no cast shadow on the ground unless asked."
"tile_waste2","assets/tiles/waste2.png","64x64","32x32","바닥 타일(이어 붙음)","마른 땅 2","the same wasteland dirt with a different crack pattern. Seamless repeating floor tile, straight top-down view (camera exactly overhead). The image fills the entire canvas edge to edge with no border, no frame, no margin. ⚠ CRITICAL: the tile is laid in a 40x32 grid, so it must tile seamlessly — left edge must continue into the right edge and top into bottom. ABSOLUTELY NO directional light (no brighter-top/darker-bottom), NO vignette, NO border or outline on any edge, NO single big feature in the centre. Keep the base colour perfectly flat and put all variation into small scattered speckles and marks that do not touch the edges. Flat vector game art, hand-painted storybook look, soft cel shading with two or three tone steps per surface, NO black outlines, NO gradients across the whole image, NO photorealism, NO 3D render, NO pixel art dithering. Warm saturated fantasy palette anchored on: grass #49a34a, deep leaf #3f9642, wood #8b5a2b, dark wood #6b4423, stone #8f97ab, cold stone #b7bfd0, water #7cc4ff, pale sky #cfe4ff, gold #ffd166, pale gold #ffe9a8, ember #c98a5c, arcane #c58cff, shadow #2a0c08. Clean readable silhouette that still reads at 1/4 size. Even ambient light from above, no cast shadow on the ground unless asked."
"tile_waste3","assets/tiles/waste3.png","64x64","32x32","바닥 타일(이어 붙음)","마른 땅 3","the same wasteland dirt with a different crack pattern and a dry stain. Seamless repeating floor tile, straight top-down view (camera exactly overhead). The image fills the entire canvas edge to edge with no border, no frame, no margin. ⚠ CRITICAL: the tile is laid in a 40x32 grid, so it must tile seamlessly — left edge must continue into the right edge and top into bottom. ABSOLUTELY NO directional light (no brighter-top/darker-bottom), NO vignette, NO border or outline on any edge, NO single big feature in the centre. Keep the base colour perfectly flat and put all variation into small scattered speckles and marks that do not touch the edges. Flat vector game art, hand-painted storybook look, soft cel shading with two or three tone steps per surface, NO black outlines, NO gradients across the whole image, NO photorealism, NO 3D render, NO pixel art dithering. Warm saturated fantasy palette anchored on: grass #49a34a, deep leaf #3f9642, wood #8b5a2b, dark wood #6b4423, stone #8f97ab, cold stone #b7bfd0, water #7cc4ff, pale sky #cfe4ff, gold #ffd166, pale gold #ffe9a8, ember #c98a5c, arcane #c58cff, shadow #2a0c08. Clean readable silhouette that still reads at 1/4 size. Even ambient light from above, no cast shadow on the ground unless asked."
"tile_waste_rubble","assets/tiles/waste_rubble.png","64x64","32x32","얹는 타일","자갈 무더기","a scatter of broken stone on wasteland dirt. Single object drawn small and centred, seen from a 3/4 top-down angle. Subject fully isolated on a pure flat #00FF00 background (nothing else in frame), so the background can be keyed out to transparent. Do not crop any part of the subject. The outer edge of the object must be ragged and irregular (not a filled square), because this is layered on top of a ground tile and the ground shows through around it. No ground, no grass, no base plate underneath. Flat vector game art, hand-painted storybook look, soft cel shading with two or three tone steps per surface, NO black outlines, NO gradients across the whole image, NO photorealism, NO 3D render, NO pixel art dithering. Warm saturated fantasy palette anchored on: grass #49a34a, deep leaf #3f9642, wood #8b5a2b, dark wood #6b4423, stone #8f97ab, cold stone #b7bfd0, water #7cc4ff, pale sky #cfe4ff, gold #ffd166, pale gold #ffe9a8, ember #c98a5c, arcane #c58cff, shadow #2a0c08. Clean readable silhouette that still reads at 1/4 size. Even ambient light from above, no cast shadow on the ground unless asked."
"tile_waste_bones","assets/tiles/waste_bones.png","64x64","32x32","얹는 타일","마른 뼈","a few bleached bones half buried in wasteland dirt. Single object drawn small and centred, seen from a 3/4 top-down angle. Subject fully isolated on a pure flat #00FF00 background (nothing else in frame), so the background can be keyed out to transparent. Do not crop any part of the subject. The outer edge of the object must be ragged and irregular (not a filled square), because this is layered on top of a ground tile and the ground shows through around it. No ground, no grass, no base plate underneath. Flat vector game art, hand-painted storybook look, soft cel shading with two or three tone steps per surface, NO black outlines, NO gradients across the whole image, NO photorealism, NO 3D render, NO pixel art dithering. Warm saturated fantasy palette anchored on: grass #49a34a, deep leaf #3f9642, wood #8b5a2b, dark wood #6b4423, stone #8f97ab, cold stone #b7bfd0, water #7cc4ff, pale sky #cfe4ff, gold #ffd166, pale gold #ffe9a8, ember #c98a5c, arcane #c58cff, shadow #2a0c08. Clean readable silhouette that still reads at 1/4 size. Even ambient light from above, no cast shadow on the ground unless asked."
"tile_room_floor","assets/tiles/room_floor.png","64x64","32x32","바닥 타일(이어 붙음)","방 바닥","warm wooden interior floorboards. Seamless repeating floor tile, straight top-down view (camera exactly overhead). The image fills the entire canvas edge to edge with no border, no frame, no margin. ⚠ CRITICAL: the tile is laid in a 40x32 grid, so it must tile seamlessly — left edge must continue into the right edge and top into bottom. ABSOLUTELY NO directional light (no brighter-top/darker-bottom), NO vignette, NO border or outline on any edge, NO single big feature in the centre. Keep the base colour perfectly flat and put all variation into small scattered speckles and marks that do not touch the edges. Flat vector game art, hand-painted storybook look, soft cel shading with two or three tone steps per surface, NO black outlines, NO gradients across the whole image, NO photorealism, NO 3D render, NO pixel art dithering. Warm saturated fantasy palette anchored on: grass #49a34a, deep leaf #3f9642, wood #8b5a2b, dark wood #6b4423, stone #8f97ab, cold stone #b7bfd0, water #7cc4ff, pale sky #cfe4ff, gold #ffd166, pale gold #ffe9a8, ember #c98a5c, arcane #c58cff, shadow #2a0c08. Clean readable silhouette that still reads at 1/4 size. Even ambient light from above, no cast shadow on the ground unless asked."
"tile_room_wall","assets/tiles/room_wall.png","64x64","32x32","바닥 타일(이어 붙음)","방 벽","a plastered interior wall with a wooden wainscot. Seamless repeating floor tile, straight top-down view (camera exactly overhead). The image fills the entire canvas edge to edge with no border, no frame, no margin. ⚠ CRITICAL: the tile is laid in a 40x32 grid, so it must tile seamlessly — left edge must continue into the right edge and top into bottom. ABSOLUTELY NO directional light (no brighter-top/darker-bottom), NO vignette, NO border or outline on any edge, NO single big feature in the centre. Keep the base colour perfectly flat and put all variation into small scattered speckles and marks that do not touch the edges. Flat vector game art, hand-painted storybook look, soft cel shading with two or three tone steps per surface, NO black outlines, NO gradients across the whole image, NO photorealism, NO 3D render, NO pixel art dithering. Warm saturated fantasy palette anchored on: grass #49a34a, deep leaf #3f9642, wood #8b5a2b, dark wood #6b4423, stone #8f97ab, cold stone #b7bfd0, water #7cc4ff, pale sky #cfe4ff, gold #ffd166, pale gold #ffe9a8, ember #c98a5c, arcane #c58cff, shadow #2a0c08. Clean readable silhouette that still reads at 1/4 size. Even ambient light from above, no cast shadow on the ground unless asked."
"tile_room_window","assets/tiles/room_window.png","92x92","46x46","키 큰 타일","방 창","a small interior window with daylight outside. Tall object standing on the ground, seen from a 3/4 top-down angle, drawn so that the base sits at the very bottom edge of the canvas and the top is free. Subject fully isolated on a pure flat #00FF00 background (nothing else in frame), so the background can be keyed out to transparent. Do not crop any part of the subject. No ground plate, no shadow disc under it. Flat vector game art, hand-painted storybook look, soft cel shading with two or three tone steps per surface, NO black outlines, NO gradients across the whole image, NO photorealism, NO 3D render, NO pixel art dithering. Warm saturated fantasy palette anchored on: grass #49a34a, deep leaf #3f9642, wood #8b5a2b, dark wood #6b4423, stone #8f97ab, cold stone #b7bfd0, water #7cc4ff, pale sky #cfe4ff, gold #ffd166, pale gold #ffe9a8, ember #c98a5c, arcane #c58cff, shadow #2a0c08. Clean readable silhouette that still reads at 1/4 size. Even ambient light from above, no cast shadow on the ground unless asked."
"tile_room_exit","assets/tiles/room_exit.png","64x64","32x32","얹는 타일","나가는 자리","an interior doorway leading out to the street. Single object drawn small and centred, seen from a 3/4 top-down angle. Subject fully isolated on a pure flat #00FF00 background (nothing else in frame), so the background can be keyed out to transparent. Do not crop any part of the subject. The outer edge of the object must be ragged and irregular (not a filled square), because this is layered on top of a ground tile and the ground shows through around it. No ground, no grass, no base plate underneath. Flat vector game art, hand-painted storybook look, soft cel shading with two or three tone steps per surface, NO black outlines, NO gradients across the whole image, NO photorealism, NO 3D render, NO pixel art dithering. Warm saturated fantasy palette anchored on: grass #49a34a, deep leaf #3f9642, wood #8b5a2b, dark wood #6b4423, stone #8f97ab, cold stone #b7bfd0, water #7cc4ff, pale sky #cfe4ff, gold #ffd166, pale gold #ffe9a8, ember #c98a5c, arcane #c58cff, shadow #2a0c08. Clean readable silhouette that still reads at 1/4 size. Even ambient light from above, no cast shadow on the ground unless asked."
"tile_counter","assets/tiles/counter.png","64x64","32x32","얹는 타일","계산대","a wooden shop counter seen from above. Single object drawn small and centred, seen from a 3/4 top-down angle. Subject fully isolated on a pure flat #00FF00 background (nothing else in frame), so the background can be keyed out to transparent. Do not crop any part of the subject. The outer edge of the object must be ragged and irregular (not a filled square), because this is layered on top of a ground tile and the ground shows through around it. No ground, no grass, no base plate underneath. Flat vector game art, hand-painted storybook look, soft cel shading with two or three tone steps per surface, NO black outlines, NO gradients across the whole image, NO photorealism, NO 3D render, NO pixel art dithering. Warm saturated fantasy palette anchored on: grass #49a34a, deep leaf #3f9642, wood #8b5a2b, dark wood #6b4423, stone #8f97ab, cold stone #b7bfd0, water #7cc4ff, pale sky #cfe4ff, gold #ffd166, pale gold #ffe9a8, ember #c98a5c, arcane #c58cff, shadow #2a0c08. Clean readable silhouette that still reads at 1/4 size. Even ambient light from above, no cast shadow on the ground unless asked."
"tile_shelf","assets/tiles/shelf.png","90x90","45x45","키 큰 타일","진열대","a wooden shelf stocked with jars and bundles. Tall object standing on the ground, seen from a 3/4 top-down angle, drawn so that the base sits at the very bottom edge of the canvas and the top is free. Subject fully isolated on a pure flat #00FF00 background (nothing else in frame), so the background can be keyed out to transparent. Do not crop any part of the subject. No ground plate, no shadow disc under it. Flat vector game art, hand-painted storybook look, soft cel shading with two or three tone steps per surface, NO black outlines, NO gradients across the whole image, NO photorealism, NO 3D render, NO pixel art dithering. Warm saturated fantasy palette anchored on: grass #49a34a, deep leaf #3f9642, wood #8b5a2b, dark wood #6b4423, stone #8f97ab, cold stone #b7bfd0, water #7cc4ff, pale sky #cfe4ff, gold #ffd166, pale gold #ffe9a8, ember #c98a5c, arcane #c58cff, shadow #2a0c08. Clean readable silhouette that still reads at 1/4 size. Even ambient light from above, no cast shadow on the ground unless asked."
"tile_barrel","assets/tiles/barrel.png","84x84","42x42","키 큰 타일","통","a wooden barrel with iron bands. Tall object standing on the ground, seen from a 3/4 top-down angle, drawn so that the base sits at the very bottom edge of the canvas and the top is free. Subject fully isolated on a pure flat #00FF00 background (nothing else in frame), so the background can be keyed out to transparent. Do not crop any part of the subject. No ground plate, no shadow disc under it. Flat vector game art, hand-painted storybook look, soft cel shading with two or three tone steps per surface, NO black outlines, NO gradients across the whole image, NO photorealism, NO 3D render, NO pixel art dithering. Warm saturated fantasy palette anchored on: grass #49a34a, deep leaf #3f9642, wood #8b5a2b, dark wood #6b4423, stone #8f97ab, cold stone #b7bfd0, water #7cc4ff, pale sky #cfe4ff, gold #ffd166, pale gold #ffe9a8, ember #c98a5c, arcane #c58cff, shadow #2a0c08. Clean readable silhouette that still reads at 1/4 size. Even ambient light from above, no cast shadow on the ground unless asked."
"tile_bed","assets/tiles/bed.png","124x124","62x62","키 큰 타일","침대","a simple inn bed with a folded blanket. Tall object standing on the ground, seen from a 3/4 top-down angle, drawn so that the base sits at the very bottom edge of the canvas and the top is free. Subject fully isolated on a pure flat #00FF00 background (nothing else in frame), so the background can be keyed out to transparent. Do not crop any part of the subject. No ground plate, no shadow disc under it. Flat vector game art, hand-painted storybook look, soft cel shading with two or three tone steps per surface, NO black outlines, NO gradients across the whole image, NO photorealism, NO 3D render, NO pixel art dithering. Warm saturated fantasy palette anchored on: grass #49a34a, deep leaf #3f9642, wood #8b5a2b, dark wood #6b4423, stone #8f97ab, cold stone #b7bfd0, water #7cc4ff, pale sky #cfe4ff, gold #ffd166, pale gold #ffe9a8, ember #c98a5c, arcane #c58cff, shadow #2a0c08. Clean readable silhouette that still reads at 1/4 size. Even ambient light from above, no cast shadow on the ground unless asked."
"tile_table","assets/tiles/table.png","102x102","51x51","키 큰 타일","탁자","a wooden table with a candle on it. Tall object standing on the ground, seen from a 3/4 top-down angle, drawn so that the base sits at the very bottom edge of the canvas and the top is free. Subject fully isolated on a pure flat #00FF00 background (nothing else in frame), so the background can be keyed out to transparent. Do not crop any part of the subject. No ground plate, no shadow disc under it. Flat vector game art, hand-painted storybook look, soft cel shading with two or three tone steps per surface, NO black outlines, NO gradients across the whole image, NO photorealism, NO 3D render, NO pixel art dithering. Warm saturated fantasy palette anchored on: grass #49a34a, deep leaf #3f9642, wood #8b5a2b, dark wood #6b4423, stone #8f97ab, cold stone #b7bfd0, water #7cc4ff, pale sky #cfe4ff, gold #ffd166, pale gold #ffe9a8, ember #c98a5c, arcane #c58cff, shadow #2a0c08. Clean readable silhouette that still reads at 1/4 size. Even ambient light from above, no cast shadow on the ground unless asked."
"tile_cauldron","assets/tiles/cauldron.png","100x100","50x50","키 큰 타일","가마솥","an alchemist cauldron with green liquid bubbling. Tall object standing on the ground, seen from a 3/4 top-down angle, drawn so that the base sits at the very bottom edge of the canvas and the top is free. Subject fully isolated on a pure flat #00FF00 background (nothing else in frame), so the background can be keyed out to transparent. Do not crop any part of the subject. No ground plate, no shadow disc under it. Flat vector game art, hand-painted storybook look, soft cel shading with two or three tone steps per surface, NO black outlines, NO gradients across the whole image, NO photorealism, NO 3D render, NO pixel art dithering. Warm saturated fantasy palette anchored on: grass #49a34a, deep leaf #3f9642, wood #8b5a2b, dark wood #6b4423, stone #8f97ab, cold stone #b7bfd0, water #7cc4ff, pale sky #cfe4ff, gold #ffd166, pale gold #ffe9a8, ember #c98a5c, arcane #c58cff, shadow #2a0c08. Clean readable silhouette that still reads at 1/4 size. Even ambient light from above, no cast shadow on the ground unless asked."
"chr_hero_walk1","assets/sprites/characters/hero_walk1.png","192x256","48x64","걷는 자세","용사 — 걷기1","A hero walk1. The SAME character as the standing version — identical colours, proportions, clothing and silhouette — caught mid-stride in a walk cycle, seen from the same 3/4 top-down angle. One leg is forward and slightly lower in frame, the other is back; the arms swing the OPPOSITE way to the legs. Feet stay at the very bottom edge of the canvas. Subject fully isolated on a pure flat #00FF00 background (nothing else in frame), so the background can be keyed out to transparent. Do not crop any part of the subject. This is one frame of a looping walk, so keep the pose readable and symmetrical in weight. Flat vector game art, hand-painted storybook look, soft cel shading with two or three tone steps per surface, NO black outlines, NO gradients across the whole image, NO photorealism, NO 3D render, NO pixel art dithering. Warm saturated fantasy palette anchored on: grass #49a34a, deep leaf #3f9642, wood #8b5a2b, dark wood #6b4423, stone #8f97ab, cold stone #b7bfd0, water #7cc4ff, pale sky #cfe4ff, gold #ffd166, pale gold #ffe9a8, ember #c98a5c, arcane #c58cff, shadow #2a0c08. Clean readable silhouette that still reads at 1/4 size. Even ambient light from above, no cast shadow on the ground unless asked."
"chr_hero_walk2","assets/sprites/characters/hero_walk2.png","192x256","48x64","걷는 자세","용사 — 걷기2","A hero walk2. The SAME character as the standing version — identical colours, proportions, clothing and silhouette — caught mid-stride in a walk cycle, seen from the same 3/4 top-down angle. One leg is forward and slightly lower in frame, the other is back; the arms swing the OPPOSITE way to the legs. Feet stay at the very bottom edge of the canvas. Subject fully isolated on a pure flat #00FF00 background (nothing else in frame), so the background can be keyed out to transparent. Do not crop any part of the subject. This is one frame of a looping walk, so keep the pose readable and symmetrical in weight. Flat vector game art, hand-painted storybook look, soft cel shading with two or three tone steps per surface, NO black outlines, NO gradients across the whole image, NO photorealism, NO 3D render, NO pixel art dithering. Warm saturated fantasy palette anchored on: grass #49a34a, deep leaf #3f9642, wood #8b5a2b, dark wood #6b4423, stone #8f97ab, cold stone #b7bfd0, water #7cc4ff, pale sky #cfe4ff, gold #ffd166, pale gold #ffe9a8, ember #c98a5c, arcane #c58cff, shadow #2a0c08. Clean readable silhouette that still reads at 1/4 size. Even ambient light from above, no cast shadow on the ground unless asked."
"chr_ranger_walk1","assets/sprites/characters/ranger_walk1.png","192x256","48x64","걷는 자세","사냥꾼 — 걷기1","A ranger walk1. The SAME character as the standing version — identical colours, proportions, clothing and silhouette — caught mid-stride in a walk cycle, seen from the same 3/4 top-down angle. One leg is forward and slightly lower in frame, the other is back; the arms swing the OPPOSITE way to the legs. Feet stay at the very bottom edge of the canvas. Subject fully isolated on a pure flat #00FF00 background (nothing else in frame), so the background can be keyed out to transparent. Do not crop any part of the subject. This is one frame of a looping walk, so keep the pose readable and symmetrical in weight. Flat vector game art, hand-painted storybook look, soft cel shading with two or three tone steps per surface, NO black outlines, NO gradients across the whole image, NO photorealism, NO 3D render, NO pixel art dithering. Warm saturated fantasy palette anchored on: grass #49a34a, deep leaf #3f9642, wood #8b5a2b, dark wood #6b4423, stone #8f97ab, cold stone #b7bfd0, water #7cc4ff, pale sky #cfe4ff, gold #ffd166, pale gold #ffe9a8, ember #c98a5c, arcane #c58cff, shadow #2a0c08. Clean readable silhouette that still reads at 1/4 size. Even ambient light from above, no cast shadow on the ground unless asked."
"chr_ranger_walk2","assets/sprites/characters/ranger_walk2.png","192x256","48x64","걷는 자세","사냥꾼 — 걷기2","A ranger walk2. The SAME character as the standing version — identical colours, proportions, clothing and silhouette — caught mid-stride in a walk cycle, seen from the same 3/4 top-down angle. One leg is forward and slightly lower in frame, the other is back; the arms swing the OPPOSITE way to the legs. Feet stay at the very bottom edge of the canvas. Subject fully isolated on a pure flat #00FF00 background (nothing else in frame), so the background can be keyed out to transparent. Do not crop any part of the subject. This is one frame of a looping walk, so keep the pose readable and symmetrical in weight. Flat vector game art, hand-painted storybook look, soft cel shading with two or three tone steps per surface, NO black outlines, NO gradients across the whole image, NO photorealism, NO 3D render, NO pixel art dithering. Warm saturated fantasy palette anchored on: grass #49a34a, deep leaf #3f9642, wood #8b5a2b, dark wood #6b4423, stone #8f97ab, cold stone #b7bfd0, water #7cc4ff, pale sky #cfe4ff, gold #ffd166, pale gold #ffe9a8, ember #c98a5c, arcane #c58cff, shadow #2a0c08. Clean readable silhouette that still reads at 1/4 size. Even ambient light from above, no cast shadow on the ground unless asked."
"chr_mage_walk1","assets/sprites/characters/mage_walk1.png","192x256","48x64","걷는 자세","마법사 — 걷기1","A mage walk1. The SAME character as the standing version — identical colours, proportions, clothing and silhouette — caught mid-stride in a walk cycle, seen from the same 3/4 top-down angle. One leg is forward and slightly lower in frame, the other is back; the arms swing the OPPOSITE way to the legs. Feet stay at the very bottom edge of the canvas. Subject fully isolated on a pure flat #00FF00 background (nothing else in frame), so the background can be keyed out to transparent. Do not crop any part of the subject. This is one frame of a looping walk, so keep the pose readable and symmetrical in weight. Flat vector game art, hand-painted storybook look, soft cel shading with two or three tone steps per surface, NO black outlines, NO gradients across the whole image, NO photorealism, NO 3D render, NO pixel art dithering. Warm saturated fantasy palette anchored on: grass #49a34a, deep leaf #3f9642, wood #8b5a2b, dark wood #6b4423, stone #8f97ab, cold stone #b7bfd0, water #7cc4ff, pale sky #cfe4ff, gold #ffd166, pale gold #ffe9a8, ember #c98a5c, arcane #c58cff, shadow #2a0c08. Clean readable silhouette that still reads at 1/4 size. Even ambient light from above, no cast shadow on the ground unless asked."
"chr_mage_walk2","assets/sprites/characters/mage_walk2.png","192x256","48x64","걷는 자세","마법사 — 걷기2","A mage walk2. The SAME character as the standing version — identical colours, proportions, clothing and silhouette — caught mid-stride in a walk cycle, seen from the same 3/4 top-down angle. One leg is forward and slightly lower in frame, the other is back; the arms swing the OPPOSITE way to the legs. Feet stay at the very bottom edge of the canvas. Subject fully isolated on a pure flat #00FF00 background (nothing else in frame), so the background can be keyed out to transparent. Do not crop any part of the subject. This is one frame of a looping walk, so keep the pose readable and symmetrical in weight. Flat vector game art, hand-painted storybook look, soft cel shading with two or three tone steps per surface, NO black outlines, NO gradients across the whole image, NO photorealism, NO 3D render, NO pixel art dithering. Warm saturated fantasy palette anchored on: grass #49a34a, deep leaf #3f9642, wood #8b5a2b, dark wood #6b4423, stone #8f97ab, cold stone #b7bfd0, water #7cc4ff, pale sky #cfe4ff, gold #ffd166, pale gold #ffe9a8, ember #c98a5c, arcane #c58cff, shadow #2a0c08. Clean readable silhouette that still reads at 1/4 size. Even ambient light from above, no cast shadow on the ground unless asked."
"chr_admin_walk1","assets/sprites/characters/admin_walk1.png","192x256","48x64","걷는 자세","운영자 — 걷기1","An admin walk1. The SAME character as the standing version — identical colours, proportions, clothing and silhouette — caught mid-stride in a walk cycle, seen from the same 3/4 top-down angle. One leg is forward and slightly lower in frame, the other is back; the arms swing the OPPOSITE way to the legs. Feet stay at the very bottom edge of the canvas. Subject fully isolated on a pure flat #00FF00 background (nothing else in frame), so the background can be keyed out to transparent. Do not crop any part of the subject. This is one frame of a looping walk, so keep the pose readable and symmetrical in weight. Flat vector game art, hand-painted storybook look, soft cel shading with two or three tone steps per surface, NO black outlines, NO gradients across the whole image, NO photorealism, NO 3D render, NO pixel art dithering. Warm saturated fantasy palette anchored on: grass #49a34a, deep leaf #3f9642, wood #8b5a2b, dark wood #6b4423, stone #8f97ab, cold stone #b7bfd0, water #7cc4ff, pale sky #cfe4ff, gold #ffd166, pale gold #ffe9a8, ember #c98a5c, arcane #c58cff, shadow #2a0c08. Clean readable silhouette that still reads at 1/4 size. Even ambient light from above, no cast shadow on the ground unless asked."
"chr_admin_walk2","assets/sprites/characters/admin_walk2.png","192x256","48x64","걷는 자세","운영자 — 걷기2","An admin walk2. The SAME character as the standing version — identical colours, proportions, clothing and silhouette — caught mid-stride in a walk cycle, seen from the same 3/4 top-down angle. One leg is forward and slightly lower in frame, the other is back; the arms swing the OPPOSITE way to the legs. Feet stay at the very bottom edge of the canvas. Subject fully isolated on a pure flat #00FF00 background (nothing else in frame), so the background can be keyed out to transparent. Do not crop any part of the subject. This is one frame of a looping walk, so keep the pose readable and symmetrical in weight. Flat vector game art, hand-painted storybook look, soft cel shading with two or three tone steps per surface, NO black outlines, NO gradients across the whole image, NO photorealism, NO 3D render, NO pixel art dithering. Warm saturated fantasy palette anchored on: grass #49a34a, deep leaf #3f9642, wood #8b5a2b, dark wood #6b4423, stone #8f97ab, cold stone #b7bfd0, water #7cc4ff, pale sky #cfe4ff, gold #ffd166, pale gold #ffe9a8, ember #c98a5c, arcane #c58cff, shadow #2a0c08. Clean readable silhouette that still reads at 1/4 size. Even ambient light from above, no cast shadow on the ground unless asked."
"mon_slime_walk1","assets/sprites/monsters/slime_walk1.png","256x256","64x64","걷는 자세","슬라임 — 걷기1","A slime walk1. The SAME character as the standing version — identical colours, proportions, clothing and silhouette — caught mid-stride in a walk cycle, seen from the same 3/4 top-down angle. One leg is forward and slightly lower in frame, the other is back; the arms swing the OPPOSITE way to the legs. Feet stay at the very bottom edge of the canvas. Subject fully isolated on a pure flat #00FF00 background (nothing else in frame), so the background can be keyed out to transparent. Do not crop any part of the subject. This is one frame of a looping walk, so keep the pose readable and symmetrical in weight. Flat vector game art, hand-painted storybook look, soft cel shading with two or three tone steps per surface, NO black outlines, NO gradients across the whole image, NO photorealism, NO 3D render, NO pixel art dithering. Warm saturated fantasy palette anchored on: grass #49a34a, deep leaf #3f9642, wood #8b5a2b, dark wood #6b4423, stone #8f97ab, cold stone #b7bfd0, water #7cc4ff, pale sky #cfe4ff, gold #ffd166, pale gold #ffe9a8, ember #c98a5c, arcane #c58cff, shadow #2a0c08. Clean readable silhouette that still reads at 1/4 size. Even ambient light from above, no cast shadow on the ground unless asked."
"mon_slime_walk2","assets/sprites/monsters/slime_walk2.png","256x256","64x64","걷는 자세","슬라임 — 걷기2","A slime walk2. The SAME character as the standing version — identical colours, proportions, clothing and silhouette — caught mid-stride in a walk cycle, seen from the same 3/4 top-down angle. One leg is forward and slightly lower in frame, the other is back; the arms swing the OPPOSITE way to the legs. Feet stay at the very bottom edge of the canvas. Subject fully isolated on a pure flat #00FF00 background (nothing else in frame), so the background can be keyed out to transparent. Do not crop any part of the subject. This is one frame of a looping walk, so keep the pose readable and symmetrical in weight. Flat vector game art, hand-painted storybook look, soft cel shading with two or three tone steps per surface, NO black outlines, NO gradients across the whole image, NO photorealism, NO 3D render, NO pixel art dithering. Warm saturated fantasy palette anchored on: grass #49a34a, deep leaf #3f9642, wood #8b5a2b, dark wood #6b4423, stone #8f97ab, cold stone #b7bfd0, water #7cc4ff, pale sky #cfe4ff, gold #ffd166, pale gold #ffe9a8, ember #c98a5c, arcane #c58cff, shadow #2a0c08. Clean readable silhouette that still reads at 1/4 size. Even ambient light from above, no cast shadow on the ground unless asked."
"mon_bat_walk1","assets/sprites/monsters/bat_walk1.png","256x256","64x64","걷는 자세","박쥐 — 걷기1","A bat walk1. The SAME character as the standing version — identical colours, proportions, clothing and silhouette — caught mid-stride in a walk cycle, seen from the same 3/4 top-down angle. One leg is forward and slightly lower in frame, the other is back; the arms swing the OPPOSITE way to the legs. Feet stay at the very bottom edge of the canvas. Subject fully isolated on a pure flat #00FF00 background (nothing else in frame), so the background can be keyed out to transparent. Do not crop any part of the subject. This is one frame of a looping walk, so keep the pose readable and symmetrical in weight. Flat vector game art, hand-painted storybook look, soft cel shading with two or three tone steps per surface, NO black outlines, NO gradients across the whole image, NO photorealism, NO 3D render, NO pixel art dithering. Warm saturated fantasy palette anchored on: grass #49a34a, deep leaf #3f9642, wood #8b5a2b, dark wood #6b4423, stone #8f97ab, cold stone #b7bfd0, water #7cc4ff, pale sky #cfe4ff, gold #ffd166, pale gold #ffe9a8, ember #c98a5c, arcane #c58cff, shadow #2a0c08. Clean readable silhouette that still reads at 1/4 size. Even ambient light from above, no cast shadow on the ground unless asked."
"mon_bat_walk2","assets/sprites/monsters/bat_walk2.png","256x256","64x64","걷는 자세","박쥐 — 걷기2","A bat walk2. The SAME character as the standing version — identical colours, proportions, clothing and silhouette — caught mid-stride in a walk cycle, seen from the same 3/4 top-down angle. One leg is forward and slightly lower in frame, the other is back; the arms swing the OPPOSITE way to the legs. Feet stay at the very bottom edge of the canvas. Subject fully isolated on a pure flat #00FF00 background (nothing else in frame), so the background can be keyed out to transparent. Do not crop any part of the subject. This is one frame of a looping walk, so keep the pose readable and symmetrical in weight. Flat vector game art, hand-painted storybook look, soft cel shading with two or three tone steps per surface, NO black outlines, NO gradients across the whole image, NO photorealism, NO 3D render, NO pixel art dithering. Warm saturated fantasy palette anchored on: grass #49a34a, deep leaf #3f9642, wood #8b5a2b, dark wood #6b4423, stone #8f97ab, cold stone #b7bfd0, water #7cc4ff, pale sky #cfe4ff, gold #ffd166, pale gold #ffe9a8, ember #c98a5c, arcane #c58cff, shadow #2a0c08. Clean readable silhouette that still reads at 1/4 size. Even ambient light from above, no cast shadow on the ground unless asked."
"mon_mushroom_walk1","assets/sprites/monsters/mushroom_walk1.png","256x256","64x64","걷는 자세","버섯 — 걷기1","A mushroom walk1. The SAME character as the standing version — identical colours, proportions, clothing and silhouette — caught mid-stride in a walk cycle, seen from the same 3/4 top-down angle. One leg is forward and slightly lower in frame, the other is back; the arms swing the OPPOSITE way to the legs. Feet stay at the very bottom edge of the canvas. Subject fully isolated on a pure flat #00FF00 background (nothing else in frame), so the background can be keyed out to transparent. Do not crop any part of the subject. This is one frame of a looping walk, so keep the pose readable and symmetrical in weight. Flat vector game art, hand-painted storybook look, soft cel shading with two or three tone steps per surface, NO black outlines, NO gradients across the whole image, NO photorealism, NO 3D render, NO pixel art dithering. Warm saturated fantasy palette anchored on: grass #49a34a, deep leaf #3f9642, wood #8b5a2b, dark wood #6b4423, stone #8f97ab, cold stone #b7bfd0, water #7cc4ff, pale sky #cfe4ff, gold #ffd166, pale gold #ffe9a8, ember #c98a5c, arcane #c58cff, shadow #2a0c08. Clean readable silhouette that still reads at 1/4 size. Even ambient light from above, no cast shadow on the ground unless asked."
"mon_mushroom_walk2","assets/sprites/monsters/mushroom_walk2.png","256x256","64x64","걷는 자세","버섯 — 걷기2","A mushroom walk2. The SAME character as the standing version — identical colours, proportions, clothing and silhouette — caught mid-stride in a walk cycle, seen from the same 3/4 top-down angle. One leg is forward and slightly lower in frame, the other is back; the arms swing the OPPOSITE way to the legs. Feet stay at the very bottom edge of the canvas. Subject fully isolated on a pure flat #00FF00 background (nothing else in frame), so the background can be keyed out to transparent. Do not crop any part of the subject. This is one frame of a looping walk, so keep the pose readable and symmetrical in weight. Flat vector game art, hand-painted storybook look, soft cel shading with two or three tone steps per surface, NO black outlines, NO gradients across the whole image, NO photorealism, NO 3D render, NO pixel art dithering. Warm saturated fantasy palette anchored on: grass #49a34a, deep leaf #3f9642, wood #8b5a2b, dark wood #6b4423, stone #8f97ab, cold stone #b7bfd0, water #7cc4ff, pale sky #cfe4ff, gold #ffd166, pale gold #ffe9a8, ember #c98a5c, arcane #c58cff, shadow #2a0c08. Clean readable silhouette that still reads at 1/4 size. Even ambient light from above, no cast shadow on the ground unless asked."
"mon_wolf_walk1","assets/sprites/monsters/wolf_walk1.png","256x256","64x64","걷는 자세","늑대 — 걷기1","A wolf walk1. The SAME character as the standing version — identical colours, proportions, clothing and silhouette — caught mid-stride in a walk cycle, seen from the same 3/4 top-down angle. One leg is forward and slightly lower in frame, the other is back; the arms swing the OPPOSITE way to the legs. Feet stay at the very bottom edge of the canvas. Subject fully isolated on a pure flat #00FF00 background (nothing else in frame), so the background can be keyed out to transparent. Do not crop any part of the subject. This is one frame of a looping walk, so keep the pose readable and symmetrical in weight. Flat vector game art, hand-painted storybook look, soft cel shading with two or three tone steps per surface, NO black outlines, NO gradients across the whole image, NO photorealism, NO 3D render, NO pixel art dithering. Warm saturated fantasy palette anchored on: grass #49a34a, deep leaf #3f9642, wood #8b5a2b, dark wood #6b4423, stone #8f97ab, cold stone #b7bfd0, water #7cc4ff, pale sky #cfe4ff, gold #ffd166, pale gold #ffe9a8, ember #c98a5c, arcane #c58cff, shadow #2a0c08. Clean readable silhouette that still reads at 1/4 size. Even ambient light from above, no cast shadow on the ground unless asked."
"mon_wolf_walk2","assets/sprites/monsters/wolf_walk2.png","256x256","64x64","걷는 자세","늑대 — 걷기2","A wolf walk2. The SAME character as the standing version — identical colours, proportions, clothing and silhouette — caught mid-stride in a walk cycle, seen from the same 3/4 top-down angle. One leg is forward and slightly lower in frame, the other is back; the arms swing the OPPOSITE way to the legs. Feet stay at the very bottom edge of the canvas. Subject fully isolated on a pure flat #00FF00 background (nothing else in frame), so the background can be keyed out to transparent. Do not crop any part of the subject. This is one frame of a looping walk, so keep the pose readable and symmetrical in weight. Flat vector game art, hand-painted storybook look, soft cel shading with two or three tone steps per surface, NO black outlines, NO gradients across the whole image, NO photorealism, NO 3D render, NO pixel art dithering. Warm saturated fantasy palette anchored on: grass #49a34a, deep leaf #3f9642, wood #8b5a2b, dark wood #6b4423, stone #8f97ab, cold stone #b7bfd0, water #7cc4ff, pale sky #cfe4ff, gold #ffd166, pale gold #ffe9a8, ember #c98a5c, arcane #c58cff, shadow #2a0c08. Clean readable silhouette that still reads at 1/4 size. Even ambient light from above, no cast shadow on the ground unless asked."
"mon_imp_walk1","assets/sprites/monsters/imp_walk1.png","256x256","64x64","걷는 자세","꼬마악마 — 걷기1","An imp walk1. The SAME character as the standing version — identical colours, proportions, clothing and silhouette — caught mid-stride in a walk cycle, seen from the same 3/4 top-down angle. One leg is forward and slightly lower in frame, the other is back; the arms swing the OPPOSITE way to the legs. Feet stay at the very bottom edge of the canvas. Subject fully isolated on a pure flat #00FF00 background (nothing else in frame), so the background can be keyed out to transparent. Do not crop any part of the subject. This is one frame of a looping walk, so keep the pose readable and symmetrical in weight. Flat vector game art, hand-painted storybook look, soft cel shading with two or three tone steps per surface, NO black outlines, NO gradients across the whole image, NO photorealism, NO 3D render, NO pixel art dithering. Warm saturated fantasy palette anchored on: grass #49a34a, deep leaf #3f9642, wood #8b5a2b, dark wood #6b4423, stone #8f97ab, cold stone #b7bfd0, water #7cc4ff, pale sky #cfe4ff, gold #ffd166, pale gold #ffe9a8, ember #c98a5c, arcane #c58cff, shadow #2a0c08. Clean readable silhouette that still reads at 1/4 size. Even ambient light from above, no cast shadow on the ground unless asked."
"mon_imp_walk2","assets/sprites/monsters/imp_walk2.png","256x256","64x64","걷는 자세","꼬마악마 — 걷기2","An imp walk2. The SAME character as the standing version — identical colours, proportions, clothing and silhouette — caught mid-stride in a walk cycle, seen from the same 3/4 top-down angle. One leg is forward and slightly lower in frame, the other is back; the arms swing the OPPOSITE way to the legs. Feet stay at the very bottom edge of the canvas. Subject fully isolated on a pure flat #00FF00 background (nothing else in frame), so the background can be keyed out to transparent. Do not crop any part of the subject. This is one frame of a looping walk, so keep the pose readable and symmetrical in weight. Flat vector game art, hand-painted storybook look, soft cel shading with two or three tone steps per surface, NO black outlines, NO gradients across the whole image, NO photorealism, NO 3D render, NO pixel art dithering. Warm saturated fantasy palette anchored on: grass #49a34a, deep leaf #3f9642, wood #8b5a2b, dark wood #6b4423, stone #8f97ab, cold stone #b7bfd0, water #7cc4ff, pale sky #cfe4ff, gold #ffd166, pale gold #ffe9a8, ember #c98a5c, arcane #c58cff, shadow #2a0c08. Clean readable silhouette that still reads at 1/4 size. Even ambient light from above, no cast shadow on the ground unless asked."
"mon_skeleton_walk1","assets/sprites/monsters/skeleton_walk1.png","256x256","64x64","걷는 자세","해골 — 걷기1","A skeleton walk1. The SAME character as the standing version — identical colours, proportions, clothing and silhouette — caught mid-stride in a walk cycle, seen from the same 3/4 top-down angle. One leg is forward and slightly lower in frame, the other is back; the arms swing the OPPOSITE way to the legs. Feet stay at the very bottom edge of the canvas. Subject fully isolated on a pure flat #00FF00 background (nothing else in frame), so the background can be keyed out to transparent. Do not crop any part of the subject. This is one frame of a looping walk, so keep the pose readable and symmetrical in weight. Flat vector game art, hand-painted storybook look, soft cel shading with two or three tone steps per surface, NO black outlines, NO gradients across the whole image, NO photorealism, NO 3D render, NO pixel art dithering. Warm saturated fantasy palette anchored on: grass #49a34a, deep leaf #3f9642, wood #8b5a2b, dark wood #6b4423, stone #8f97ab, cold stone #b7bfd0, water #7cc4ff, pale sky #cfe4ff, gold #ffd166, pale gold #ffe9a8, ember #c98a5c, arcane #c58cff, shadow #2a0c08. Clean readable silhouette that still reads at 1/4 size. Even ambient light from above, no cast shadow on the ground unless asked."
"mon_skeleton_walk2","assets/sprites/monsters/skeleton_walk2.png","256x256","64x64","걷는 자세","해골 — 걷기2","A skeleton walk2. The SAME character as the standing version — identical colours, proportions, clothing and silhouette — caught mid-stride in a walk cycle, seen from the same 3/4 top-down angle. One leg is forward and slightly lower in frame, the other is back; the arms swing the OPPOSITE way to the legs. Feet stay at the very bottom edge of the canvas. Subject fully isolated on a pure flat #00FF00 background (nothing else in frame), so the background can be keyed out to transparent. Do not crop any part of the subject. This is one frame of a looping walk, so keep the pose readable and symmetrical in weight. Flat vector game art, hand-painted storybook look, soft cel shading with two or three tone steps per surface, NO black outlines, NO gradients across the whole image, NO photorealism, NO 3D render, NO pixel art dithering. Warm saturated fantasy palette anchored on: grass #49a34a, deep leaf #3f9642, wood #8b5a2b, dark wood #6b4423, stone #8f97ab, cold stone #b7bfd0, water #7cc4ff, pale sky #cfe4ff, gold #ffd166, pale gold #ffe9a8, ember #c98a5c, arcane #c58cff, shadow #2a0c08. Clean readable silhouette that still reads at 1/4 size. Even ambient light from above, no cast shadow on the ground unless asked."
"mon_demon_soldier_walk1","assets/sprites/monsters/demon_soldier_walk1.png","256x256","64x64","걷는 자세","악마병사 — 걷기1","A demon soldier walk1. The SAME character as the standing version — identical colours, proportions, clothing and silhouette — caught mid-stride in a walk cycle, seen from the same 3/4 top-down angle. One leg is forward and slightly lower in frame, the other is back; the arms swing the OPPOSITE way to the legs. Feet stay at the very bottom edge of the canvas. Subject fully isolated on a pure flat #00FF00 background (nothing else in frame), so the background can be keyed out to transparent. Do not crop any part of the subject. This is one frame of a looping walk, so keep the pose readable and symmetrical in weight. Flat vector game art, hand-painted storybook look, soft cel shading with two or three tone steps per surface, NO black outlines, NO gradients across the whole image, NO photorealism, NO 3D render, NO pixel art dithering. Warm saturated fantasy palette anchored on: grass #49a34a, deep leaf #3f9642, wood #8b5a2b, dark wood #6b4423, stone #8f97ab, cold stone #b7bfd0, water #7cc4ff, pale sky #cfe4ff, gold #ffd166, pale gold #ffe9a8, ember #c98a5c, arcane #c58cff, shadow #2a0c08. Clean readable silhouette that still reads at 1/4 size. Even ambient light from above, no cast shadow on the ground unless asked."
"mon_demon_soldier_walk2","assets/sprites/monsters/demon_soldier_walk2.png","256x256","64x64","걷는 자세","악마병사 — 걷기2","A demon soldier walk2. The SAME character as the standing version — identical colours, proportions, clothing and silhouette — caught mid-stride in a walk cycle, seen from the same 3/4 top-down angle. One leg is forward and slightly lower in frame, the other is back; the arms swing the OPPOSITE way to the legs. Feet stay at the very bottom edge of the canvas. Subject fully isolated on a pure flat #00FF00 background (nothing else in frame), so the background can be keyed out to transparent. Do not crop any part of the subject. This is one frame of a looping walk, so keep the pose readable and symmetrical in weight. Flat vector game art, hand-painted storybook look, soft cel shading with two or three tone steps per surface, NO black outlines, NO gradients across the whole image, NO photorealism, NO 3D render, NO pixel art dithering. Warm saturated fantasy palette anchored on: grass #49a34a, deep leaf #3f9642, wood #8b5a2b, dark wood #6b4423, stone #8f97ab, cold stone #b7bfd0, water #7cc4ff, pale sky #cfe4ff, gold #ffd166, pale gold #ffe9a8, ember #c98a5c, arcane #c58cff, shadow #2a0c08. Clean readable silhouette that still reads at 1/4 size. Even ambient light from above, no cast shadow on the ground unless asked."
"mon_imp_captain_walk1","assets/sprites/monsters/imp_captain_walk1.png","256x256","64x64","걷는 자세","정찰대장 — 걷기1","An imp captain walk1. The SAME character as the standing version — identical colours, proportions, clothing and silhouette — caught mid-stride in a walk cycle, seen from the same 3/4 top-down angle. One leg is forward and slightly lower in frame, the other is back; the arms swing the OPPOSITE way to the legs. Feet stay at the very bottom edge of the canvas. Subject fully isolated on a pure flat #00FF00 background (nothing else in frame), so the background can be keyed out to transparent. Do not crop any part of the subject. This is one frame of a looping walk, so keep the pose readable and symmetrical in weight. Flat vector game art, hand-painted storybook look, soft cel shading with two or three tone steps per surface, NO black outlines, NO gradients across the whole image, NO photorealism, NO 3D render, NO pixel art dithering. Warm saturated fantasy palette anchored on: grass #49a34a, deep leaf #3f9642, wood #8b5a2b, dark wood #6b4423, stone #8f97ab, cold stone #b7bfd0, water #7cc4ff, pale sky #cfe4ff, gold #ffd166, pale gold #ffe9a8, ember #c98a5c, arcane #c58cff, shadow #2a0c08. Clean readable silhouette that still reads at 1/4 size. Even ambient light from above, no cast shadow on the ground unless asked."
"mon_imp_captain_walk2","assets/sprites/monsters/imp_captain_walk2.png","256x256","64x64","걷는 자세","정찰대장 — 걷기2","An imp captain walk2. The SAME character as the standing version — identical colours, proportions, clothing and silhouette — caught mid-stride in a walk cycle, seen from the same 3/4 top-down angle. One leg is forward and slightly lower in frame, the other is back; the arms swing the OPPOSITE way to the legs. Feet stay at the very bottom edge of the canvas. Subject fully isolated on a pure flat #00FF00 background (nothing else in frame), so the background can be keyed out to transparent. Do not crop any part of the subject. This is one frame of a looping walk, so keep the pose readable and symmetrical in weight. Flat vector game art, hand-painted storybook look, soft cel shading with two or three tone steps per surface, NO black outlines, NO gradients across the whole image, NO photorealism, NO 3D render, NO pixel art dithering. Warm saturated fantasy palette anchored on: grass #49a34a, deep leaf #3f9642, wood #8b5a2b, dark wood #6b4423, stone #8f97ab, cold stone #b7bfd0, water #7cc4ff, pale sky #cfe4ff, gold #ffd166, pale gold #ffe9a8, ember #c98a5c, arcane #c58cff, shadow #2a0c08. Clean readable silhouette that still reads at 1/4 size. Even ambient light from above, no cast shadow on the ground unless asked."
"mon_demon_general_walk1","assets/sprites/monsters/demon_general_walk1.png","256x256","64x64","걷는 자세","악마장군 — 걷기1","A demon general walk1. The SAME character as the standing version — identical colours, proportions, clothing and silhouette — caught mid-stride in a walk cycle, seen from the same 3/4 top-down angle. One leg is forward and slightly lower in frame, the other is back; the arms swing the OPPOSITE way to the legs. Feet stay at the very bottom edge of the canvas. Subject fully isolated on a pure flat #00FF00 background (nothing else in frame), so the background can be keyed out to transparent. Do not crop any part of the subject. This is one frame of a looping walk, so keep the pose readable and symmetrical in weight. Flat vector game art, hand-painted storybook look, soft cel shading with two or three tone steps per surface, NO black outlines, NO gradients across the whole image, NO photorealism, NO 3D render, NO pixel art dithering. Warm saturated fantasy palette anchored on: grass #49a34a, deep leaf #3f9642, wood #8b5a2b, dark wood #6b4423, stone #8f97ab, cold stone #b7bfd0, water #7cc4ff, pale sky #cfe4ff, gold #ffd166, pale gold #ffe9a8, ember #c98a5c, arcane #c58cff, shadow #2a0c08. Clean readable silhouette that still reads at 1/4 size. Even ambient light from above, no cast shadow on the ground unless asked."
"mon_demon_general_walk2","assets/sprites/monsters/demon_general_walk2.png","256x256","64x64","걷는 자세","악마장군 — 걷기2","A demon general walk2. The SAME character as the standing version — identical colours, proportions, clothing and silhouette — caught mid-stride in a walk cycle, seen from the same 3/4 top-down angle. One leg is forward and slightly lower in frame, the other is back; the arms swing the OPPOSITE way to the legs. Feet stay at the very bottom edge of the canvas. Subject fully isolated on a pure flat #00FF00 background (nothing else in frame), so the background can be keyed out to transparent. Do not crop any part of the subject. This is one frame of a looping walk, so keep the pose readable and symmetrical in weight. Flat vector game art, hand-painted storybook look, soft cel shading with two or three tone steps per surface, NO black outlines, NO gradients across the whole image, NO photorealism, NO 3D render, NO pixel art dithering. Warm saturated fantasy palette anchored on: grass #49a34a, deep leaf #3f9642, wood #8b5a2b, dark wood #6b4423, stone #8f97ab, cold stone #b7bfd0, water #7cc4ff, pale sky #cfe4ff, gold #ffd166, pale gold #ffe9a8, ember #c98a5c, arcane #c58cff, shadow #2a0c08. Clean readable silhouette that still reads at 1/4 size. Even ambient light from above, no cast shadow on the ground unless asked."
"mon_great_dragon_walk1","assets/sprites/monsters/great_dragon_walk1.png","256x256","64x64","걷는 자세","고룡 — 걷기1","A great dragon walk1. The SAME character as the standing version — identical colours, proportions, clothing and silhouette — caught mid-stride in a walk cycle, seen from the same 3/4 top-down angle. One leg is forward and slightly lower in frame, the other is back; the arms swing the OPPOSITE way to the legs. Feet stay at the very bottom edge of the canvas. Subject fully isolated on a pure flat #00FF00 background (nothing else in frame), so the background can be keyed out to transparent. Do not crop any part of the subject. This is one frame of a looping walk, so keep the pose readable and symmetrical in weight. Flat vector game art, hand-painted storybook look, soft cel shading with two or three tone steps per surface, NO black outlines, NO gradients across the whole image, NO photorealism, NO 3D render, NO pixel art dithering. Warm saturated fantasy palette anchored on: grass #49a34a, deep leaf #3f9642, wood #8b5a2b, dark wood #6b4423, stone #8f97ab, cold stone #b7bfd0, water #7cc4ff, pale sky #cfe4ff, gold #ffd166, pale gold #ffe9a8, ember #c98a5c, arcane #c58cff, shadow #2a0c08. Clean readable silhouette that still reads at 1/4 size. Even ambient light from above, no cast shadow on the ground unless asked."
"mon_great_dragon_walk2","assets/sprites/monsters/great_dragon_walk2.png","256x256","64x64","걷는 자세","고룡 — 걷기2","A great dragon walk2. The SAME character as the standing version — identical colours, proportions, clothing and silhouette — caught mid-stride in a walk cycle, seen from the same 3/4 top-down angle. One leg is forward and slightly lower in frame, the other is back; the arms swing the OPPOSITE way to the legs. Feet stay at the very bottom edge of the canvas. Subject fully isolated on a pure flat #00FF00 background (nothing else in frame), so the background can be keyed out to transparent. Do not crop any part of the subject. This is one frame of a looping walk, so keep the pose readable and symmetrical in weight. Flat vector game art, hand-painted storybook look, soft cel shading with two or three tone steps per surface, NO black outlines, NO gradients across the whole image, NO photorealism, NO 3D render, NO pixel art dithering. Warm saturated fantasy palette anchored on: grass #49a34a, deep leaf #3f9642, wood #8b5a2b, dark wood #6b4423, stone #8f97ab, cold stone #b7bfd0, water #7cc4ff, pale sky #cfe4ff, gold #ffd166, pale gold #ffe9a8, ember #c98a5c, arcane #c58cff, shadow #2a0c08. Clean readable silhouette that still reads at 1/4 size. Even ambient light from above, no cast shadow on the ground unless asked."
"mon_elder_dragon_walk1","assets/sprites/monsters/elder_dragon_walk1.png","256x256","64x64","걷는 자세","잠겨 있던 용 — 걷기1","An elder dragon walk1. The SAME character as the standing version — identical colours, proportions, clothing and silhouette — caught mid-stride in a walk cycle, seen from the same 3/4 top-down angle. One leg is forward and slightly lower in frame, the other is back; the arms swing the OPPOSITE way to the legs. Feet stay at the very bottom edge of the canvas. Subject fully isolated on a pure flat #00FF00 background (nothing else in frame), so the background can be keyed out to transparent. Do not crop any part of the subject. This is one frame of a looping walk, so keep the pose readable and symmetrical in weight. Flat vector game art, hand-painted storybook look, soft cel shading with two or three tone steps per surface, NO black outlines, NO gradients across the whole image, NO photorealism, NO 3D render, NO pixel art dithering. Warm saturated fantasy palette anchored on: grass #49a34a, deep leaf #3f9642, wood #8b5a2b, dark wood #6b4423, stone #8f97ab, cold stone #b7bfd0, water #7cc4ff, pale sky #cfe4ff, gold #ffd166, pale gold #ffe9a8, ember #c98a5c, arcane #c58cff, shadow #2a0c08. Clean readable silhouette that still reads at 1/4 size. Even ambient light from above, no cast shadow on the ground unless asked."
"mon_elder_dragon_walk2","assets/sprites/monsters/elder_dragon_walk2.png","256x256","64x64","걷는 자세","잠겨 있던 용 — 걷기2","An elder dragon walk2. The SAME character as the standing version — identical colours, proportions, clothing and silhouette — caught mid-stride in a walk cycle, seen from the same 3/4 top-down angle. One leg is forward and slightly lower in frame, the other is back; the arms swing the OPPOSITE way to the legs. Feet stay at the very bottom edge of the canvas. Subject fully isolated on a pure flat #00FF00 background (nothing else in frame), so the background can be keyed out to transparent. Do not crop any part of the subject. This is one frame of a looping walk, so keep the pose readable and symmetrical in weight. Flat vector game art, hand-painted storybook look, soft cel shading with two or three tone steps per surface, NO black outlines, NO gradients across the whole image, NO photorealism, NO 3D render, NO pixel art dithering. Warm saturated fantasy palette anchored on: grass #49a34a, deep leaf #3f9642, wood #8b5a2b, dark wood #6b4423, stone #8f97ab, cold stone #b7bfd0, water #7cc4ff, pale sky #cfe4ff, gold #ffd166, pale gold #ffe9a8, ember #c98a5c, arcane #c58cff, shadow #2a0c08. Clean readable silhouette that still reads at 1/4 size. Even ambient light from above, no cast shadow on the ground unless asked."
"npc_shopkeeper_walk1","assets/sprites/npc/shopkeeper_walk1.png","192x256","60x80","마을 사람","상인 — 걷기1","A shopkeeper walk1, one of the townsfolk of a small medieval fantasy town. 3/4 top-down view, full body, standing still and facing the camera, feet at the very bottom edge of the canvas. Subject fully isolated on a pure flat #00FF00 background (nothing else in frame), so the background can be keyed out to transparent. Do not crop any part of the subject. Friendly readable silhouette; the clothing colour is what players recognise them by, so keep one strong signature colour. Flat vector game art, hand-painted storybook look, soft cel shading with two or three tone steps per surface, NO black outlines, NO gradients across the whole image, NO photorealism, NO 3D render, NO pixel art dithering. Warm saturated fantasy palette anchored on: grass #49a34a, deep leaf #3f9642, wood #8b5a2b, dark wood #6b4423, stone #8f97ab, cold stone #b7bfd0, water #7cc4ff, pale sky #cfe4ff, gold #ffd166, pale gold #ffe9a8, ember #c98a5c, arcane #c58cff, shadow #2a0c08. Clean readable silhouette that still reads at 1/4 size. Even ambient light from above, no cast shadow on the ground unless asked."
"npc_shopkeeper_walk2","assets/sprites/npc/shopkeeper_walk2.png","192x256","60x80","마을 사람","상인 — 걷기2","A shopkeeper walk2, one of the townsfolk of a small medieval fantasy town. 3/4 top-down view, full body, standing still and facing the camera, feet at the very bottom edge of the canvas. Subject fully isolated on a pure flat #00FF00 background (nothing else in frame), so the background can be keyed out to transparent. Do not crop any part of the subject. Friendly readable silhouette; the clothing colour is what players recognise them by, so keep one strong signature colour. Flat vector game art, hand-painted storybook look, soft cel shading with two or three tone steps per surface, NO black outlines, NO gradients across the whole image, NO photorealism, NO 3D render, NO pixel art dithering. Warm saturated fantasy palette anchored on: grass #49a34a, deep leaf #3f9642, wood #8b5a2b, dark wood #6b4423, stone #8f97ab, cold stone #b7bfd0, water #7cc4ff, pale sky #cfe4ff, gold #ffd166, pale gold #ffe9a8, ember #c98a5c, arcane #c58cff, shadow #2a0c08. Clean readable silhouette that still reads at 1/4 size. Even ambient light from above, no cast shadow on the ground unless asked."
"npc_blacksmith_walk1","assets/sprites/npc/blacksmith_walk1.png","192x256","60x80","마을 사람","대장장이 — 걷기1","A blacksmith walk1, one of the townsfolk of a small medieval fantasy town. 3/4 top-down view, full body, standing still and facing the camera, feet at the very bottom edge of the canvas. Subject fully isolated on a pure flat #00FF00 background (nothing else in frame), so the background can be keyed out to transparent. Do not crop any part of the subject. Friendly readable silhouette; the clothing colour is what players recognise them by, so keep one strong signature colour. Flat vector game art, hand-painted storybook look, soft cel shading with two or three tone steps per surface, NO black outlines, NO gradients across the whole image, NO photorealism, NO 3D render, NO pixel art dithering. Warm saturated fantasy palette anchored on: grass #49a34a, deep leaf #3f9642, wood #8b5a2b, dark wood #6b4423, stone #8f97ab, cold stone #b7bfd0, water #7cc4ff, pale sky #cfe4ff, gold #ffd166, pale gold #ffe9a8, ember #c98a5c, arcane #c58cff, shadow #2a0c08. Clean readable silhouette that still reads at 1/4 size. Even ambient light from above, no cast shadow on the ground unless asked."
"npc_blacksmith_walk2","assets/sprites/npc/blacksmith_walk2.png","192x256","60x80","마을 사람","대장장이 — 걷기2","A blacksmith walk2, one of the townsfolk of a small medieval fantasy town. 3/4 top-down view, full body, standing still and facing the camera, feet at the very bottom edge of the canvas. Subject fully isolated on a pure flat #00FF00 background (nothing else in frame), so the background can be keyed out to transparent. Do not crop any part of the subject. Friendly readable silhouette; the clothing colour is what players recognise them by, so keep one strong signature colour. Flat vector game art, hand-painted storybook look, soft cel shading with two or three tone steps per surface, NO black outlines, NO gradients across the whole image, NO photorealism, NO 3D render, NO pixel art dithering. Warm saturated fantasy palette anchored on: grass #49a34a, deep leaf #3f9642, wood #8b5a2b, dark wood #6b4423, stone #8f97ab, cold stone #b7bfd0, water #7cc4ff, pale sky #cfe4ff, gold #ffd166, pale gold #ffe9a8, ember #c98a5c, arcane #c58cff, shadow #2a0c08. Clean readable silhouette that still reads at 1/4 size. Even ambient light from above, no cast shadow on the ground unless asked."
"npc_innkeeper_walk1","assets/sprites/npc/innkeeper_walk1.png","192x256","60x80","마을 사람","여관주인 — 걷기1","An innkeeper walk1, one of the townsfolk of a small medieval fantasy town. 3/4 top-down view, full body, standing still and facing the camera, feet at the very bottom edge of the canvas. Subject fully isolated on a pure flat #00FF00 background (nothing else in frame), so the background can be keyed out to transparent. Do not crop any part of the subject. Friendly readable silhouette; the clothing colour is what players recognise them by, so keep one strong signature colour. Flat vector game art, hand-painted storybook look, soft cel shading with two or three tone steps per surface, NO black outlines, NO gradients across the whole image, NO photorealism, NO 3D render, NO pixel art dithering. Warm saturated fantasy palette anchored on: grass #49a34a, deep leaf #3f9642, wood #8b5a2b, dark wood #6b4423, stone #8f97ab, cold stone #b7bfd0, water #7cc4ff, pale sky #cfe4ff, gold #ffd166, pale gold #ffe9a8, ember #c98a5c, arcane #c58cff, shadow #2a0c08. Clean readable silhouette that still reads at 1/4 size. Even ambient light from above, no cast shadow on the ground unless asked."
"npc_innkeeper_walk2","assets/sprites/npc/innkeeper_walk2.png","192x256","60x80","마을 사람","여관주인 — 걷기2","An innkeeper walk2, one of the townsfolk of a small medieval fantasy town. 3/4 top-down view, full body, standing still and facing the camera, feet at the very bottom edge of the canvas. Subject fully isolated on a pure flat #00FF00 background (nothing else in frame), so the background can be keyed out to transparent. Do not crop any part of the subject. Friendly readable silhouette; the clothing colour is what players recognise them by, so keep one strong signature colour. Flat vector game art, hand-painted storybook look, soft cel shading with two or three tone steps per surface, NO black outlines, NO gradients across the whole image, NO photorealism, NO 3D render, NO pixel art dithering. Warm saturated fantasy palette anchored on: grass #49a34a, deep leaf #3f9642, wood #8b5a2b, dark wood #6b4423, stone #8f97ab, cold stone #b7bfd0, water #7cc4ff, pale sky #cfe4ff, gold #ffd166, pale gold #ffe9a8, ember #c98a5c, arcane #c58cff, shadow #2a0c08. Clean readable silhouette that still reads at 1/4 size. Even ambient light from above, no cast shadow on the ground unless asked."
"npc_villager_walk1","assets/sprites/npc/villager_walk1.png","192x256","60x80","마을 사람","주민 — 걷기1","A villager walk1, one of the townsfolk of a small medieval fantasy town. 3/4 top-down view, full body, standing still and facing the camera, feet at the very bottom edge of the canvas. Subject fully isolated on a pure flat #00FF00 background (nothing else in frame), so the background can be keyed out to transparent. Do not crop any part of the subject. Friendly readable silhouette; the clothing colour is what players recognise them by, so keep one strong signature colour. Flat vector game art, hand-painted storybook look, soft cel shading with two or three tone steps per surface, NO black outlines, NO gradients across the whole image, NO photorealism, NO 3D render, NO pixel art dithering. Warm saturated fantasy palette anchored on: grass #49a34a, deep leaf #3f9642, wood #8b5a2b, dark wood #6b4423, stone #8f97ab, cold stone #b7bfd0, water #7cc4ff, pale sky #cfe4ff, gold #ffd166, pale gold #ffe9a8, ember #c98a5c, arcane #c58cff, shadow #2a0c08. Clean readable silhouette that still reads at 1/4 size. Even ambient light from above, no cast shadow on the ground unless asked."
"npc_villager_walk2","assets/sprites/npc/villager_walk2.png","192x256","60x80","마을 사람","주민 — 걷기2","A villager walk2, one of the townsfolk of a small medieval fantasy town. 3/4 top-down view, full body, standing still and facing the camera, feet at the very bottom edge of the canvas. Subject fully isolated on a pure flat #00FF00 background (nothing else in frame), so the background can be keyed out to transparent. Do not crop any part of the subject. Friendly readable silhouette; the clothing colour is what players recognise them by, so keep one strong signature colour. Flat vector game art, hand-painted storybook look, soft cel shading with two or three tone steps per surface, NO black outlines, NO gradients across the whole image, NO photorealism, NO 3D render, NO pixel art dithering. Warm saturated fantasy palette anchored on: grass #49a34a, deep leaf #3f9642, wood #8b5a2b, dark wood #6b4423, stone #8f97ab, cold stone #b7bfd0, water #7cc4ff, pale sky #cfe4ff, gold #ffd166, pale gold #ffe9a8, ember #c98a5c, arcane #c58cff, shadow #2a0c08. Clean readable silhouette that still reads at 1/4 size. Even ambient light from above, no cast shadow on the ground unless asked."
"npc_elder_walk1","assets/sprites/npc/elder_walk1.png","192x256","60x80","마을 사람","촌장 — 걷기1","An elder walk1, one of the townsfolk of a small medieval fantasy town. 3/4 top-down view, full body, standing still and facing the camera, feet at the very bottom edge of the canvas. Subject fully isolated on a pure flat #00FF00 background (nothing else in frame), so the background can be keyed out to transparent. Do not crop any part of the subject. Friendly readable silhouette; the clothing colour is what players recognise them by, so keep one strong signature colour. Flat vector game art, hand-painted storybook look, soft cel shading with two or three tone steps per surface, NO black outlines, NO gradients across the whole image, NO photorealism, NO 3D render, NO pixel art dithering. Warm saturated fantasy palette anchored on: grass #49a34a, deep leaf #3f9642, wood #8b5a2b, dark wood #6b4423, stone #8f97ab, cold stone #b7bfd0, water #7cc4ff, pale sky #cfe4ff, gold #ffd166, pale gold #ffe9a8, ember #c98a5c, arcane #c58cff, shadow #2a0c08. Clean readable silhouette that still reads at 1/4 size. Even ambient light from above, no cast shadow on the ground unless asked."
"npc_elder_walk2","assets/sprites/npc/elder_walk2.png","192x256","60x80","마을 사람","촌장 — 걷기2","An elder walk2, one of the townsfolk of a small medieval fantasy town. 3/4 top-down view, full body, standing still and facing the camera, feet at the very bottom edge of the canvas. Subject fully isolated on a pure flat #00FF00 background (nothing else in frame), so the background can be keyed out to transparent. Do not crop any part of the subject. Friendly readable silhouette; the clothing colour is what players recognise them by, so keep one strong signature colour. Flat vector game art, hand-painted storybook look, soft cel shading with two or three tone steps per surface, NO black outlines, NO gradients across the whole image, NO photorealism, NO 3D render, NO pixel art dithering. Warm saturated fantasy palette anchored on: grass #49a34a, deep leaf #3f9642, wood #8b5a2b, dark wood #6b4423, stone #8f97ab, cold stone #b7bfd0, water #7cc4ff, pale sky #cfe4ff, gold #ffd166, pale gold #ffe9a8, ember #c98a5c, arcane #c58cff, shadow #2a0c08. Clean readable silhouette that still reads at 1/4 size. Even ambient light from above, no cast shadow on the ground unless asked."
"npc_gambler_walk1","assets/sprites/npc/gambler_walk1.png","192x256","60x80","마을 사람","보석 노인 — 걷기1","A gambler walk1, one of the townsfolk of a small medieval fantasy town. 3/4 top-down view, full body, standing still and facing the camera, feet at the very bottom edge of the canvas. Subject fully isolated on a pure flat #00FF00 background (nothing else in frame), so the background can be keyed out to transparent. Do not crop any part of the subject. Friendly readable silhouette; the clothing colour is what players recognise them by, so keep one strong signature colour. Flat vector game art, hand-painted storybook look, soft cel shading with two or three tone steps per surface, NO black outlines, NO gradients across the whole image, NO photorealism, NO 3D render, NO pixel art dithering. Warm saturated fantasy palette anchored on: grass #49a34a, deep leaf #3f9642, wood #8b5a2b, dark wood #6b4423, stone #8f97ab, cold stone #b7bfd0, water #7cc4ff, pale sky #cfe4ff, gold #ffd166, pale gold #ffe9a8, ember #c98a5c, arcane #c58cff, shadow #2a0c08. Clean readable silhouette that still reads at 1/4 size. Even ambient light from above, no cast shadow on the ground unless asked."
"npc_gambler_walk2","assets/sprites/npc/gambler_walk2.png","192x256","60x80","마을 사람","보석 노인 — 걷기2","A gambler walk2, one of the townsfolk of a small medieval fantasy town. 3/4 top-down view, full body, standing still and facing the camera, feet at the very bottom edge of the canvas. Subject fully isolated on a pure flat #00FF00 background (nothing else in frame), so the background can be keyed out to transparent. Do not crop any part of the subject. Friendly readable silhouette; the clothing colour is what players recognise them by, so keep one strong signature colour. Flat vector game art, hand-painted storybook look, soft cel shading with two or three tone steps per surface, NO black outlines, NO gradients across the whole image, NO photorealism, NO 3D render, NO pixel art dithering. Warm saturated fantasy palette anchored on: grass #49a34a, deep leaf #3f9642, wood #8b5a2b, dark wood #6b4423, stone #8f97ab, cold stone #b7bfd0, water #7cc4ff, pale sky #cfe4ff, gold #ffd166, pale gold #ffe9a8, ember #c98a5c, arcane #c58cff, shadow #2a0c08. Clean readable silhouette that still reads at 1/4 size. Even ambient light from above, no cast shadow on the ground unless asked."
"npc_kid_walk1","assets/sprites/npc/kid_walk1.png","192x256","60x80","마을 사람","아이 — 걷기1","A kid walk1, one of the townsfolk of a small medieval fantasy town. 3/4 top-down view, full body, standing still and facing the camera, feet at the very bottom edge of the canvas. Subject fully isolated on a pure flat #00FF00 background (nothing else in frame), so the background can be keyed out to transparent. Do not crop any part of the subject. Friendly readable silhouette; the clothing colour is what players recognise them by, so keep one strong signature colour. Flat vector game art, hand-painted storybook look, soft cel shading with two or three tone steps per surface, NO black outlines, NO gradients across the whole image, NO photorealism, NO 3D render, NO pixel art dithering. Warm saturated fantasy palette anchored on: grass #49a34a, deep leaf #3f9642, wood #8b5a2b, dark wood #6b4423, stone #8f97ab, cold stone #b7bfd0, water #7cc4ff, pale sky #cfe4ff, gold #ffd166, pale gold #ffe9a8, ember #c98a5c, arcane #c58cff, shadow #2a0c08. Clean readable silhouette that still reads at 1/4 size. Even ambient light from above, no cast shadow on the ground unless asked."
"npc_kid_walk2","assets/sprites/npc/kid_walk2.png","192x256","60x80","마을 사람","아이 — 걷기2","A kid walk2, one of the townsfolk of a small medieval fantasy town. 3/4 top-down view, full body, standing still and facing the camera, feet at the very bottom edge of the canvas. Subject fully isolated on a pure flat #00FF00 background (nothing else in frame), so the background can be keyed out to transparent. Do not crop any part of the subject. Friendly readable silhouette; the clothing colour is what players recognise them by, so keep one strong signature colour. Flat vector game art, hand-painted storybook look, soft cel shading with two or three tone steps per surface, NO black outlines, NO gradients across the whole image, NO photorealism, NO 3D render, NO pixel art dithering. Warm saturated fantasy palette anchored on: grass #49a34a, deep leaf #3f9642, wood #8b5a2b, dark wood #6b4423, stone #8f97ab, cold stone #b7bfd0, water #7cc4ff, pale sky #cfe4ff, gold #ffd166, pale gold #ffe9a8, ember #c98a5c, arcane #c58cff, shadow #2a0c08. Clean readable silhouette that still reads at 1/4 size. Even ambient light from above, no cast shadow on the ground unless asked."
"npc_guard_walk1","assets/sprites/npc/guard_walk1.png","192x256","60x80","마을 사람","위병 — 걷기1","A guard walk1, one of the townsfolk of a small medieval fantasy town. 3/4 top-down view, full body, standing still and facing the camera, feet at the very bottom edge of the canvas. Subject fully isolated on a pure flat #00FF00 background (nothing else in frame), so the background can be keyed out to transparent. Do not crop any part of the subject. Friendly readable silhouette; the clothing colour is what players recognise them by, so keep one strong signature colour. Flat vector game art, hand-painted storybook look, soft cel shading with two or three tone steps per surface, NO black outlines, NO gradients across the whole image, NO photorealism, NO 3D render, NO pixel art dithering. Warm saturated fantasy palette anchored on: grass #49a34a, deep leaf #3f9642, wood #8b5a2b, dark wood #6b4423, stone #8f97ab, cold stone #b7bfd0, water #7cc4ff, pale sky #cfe4ff, gold #ffd166, pale gold #ffe9a8, ember #c98a5c, arcane #c58cff, shadow #2a0c08. Clean readable silhouette that still reads at 1/4 size. Even ambient light from above, no cast shadow on the ground unless asked."
"npc_guard_walk2","assets/sprites/npc/guard_walk2.png","192x256","60x80","마을 사람","위병 — 걷기2","A guard walk2, one of the townsfolk of a small medieval fantasy town. 3/4 top-down view, full body, standing still and facing the camera, feet at the very bottom edge of the canvas. Subject fully isolated on a pure flat #00FF00 background (nothing else in frame), so the background can be keyed out to transparent. Do not crop any part of the subject. Friendly readable silhouette; the clothing colour is what players recognise them by, so keep one strong signature colour. Flat vector game art, hand-painted storybook look, soft cel shading with two or three tone steps per surface, NO black outlines, NO gradients across the whole image, NO photorealism, NO 3D render, NO pixel art dithering. Warm saturated fantasy palette anchored on: grass #49a34a, deep leaf #3f9642, wood #8b5a2b, dark wood #6b4423, stone #8f97ab, cold stone #b7bfd0, water #7cc4ff, pale sky #cfe4ff, gold #ffd166, pale gold #ffe9a8, ember #c98a5c, arcane #c58cff, shadow #2a0c08. Clean readable silhouette that still reads at 1/4 size. Even ambient light from above, no cast shadow on the ground unless asked."
"npc_king_walk1","assets/sprites/npc/king_walk1.png","192x256","60x80","마을 사람","국왕 — 걷기1","A king walk1, one of the townsfolk of a small medieval fantasy town. 3/4 top-down view, full body, standing still and facing the camera, feet at the very bottom edge of the canvas. Subject fully isolated on a pure flat #00FF00 background (nothing else in frame), so the background can be keyed out to transparent. Do not crop any part of the subject. Friendly readable silhouette; the clothing colour is what players recognise them by, so keep one strong signature colour. Flat vector game art, hand-painted storybook look, soft cel shading with two or three tone steps per surface, NO black outlines, NO gradients across the whole image, NO photorealism, NO 3D render, NO pixel art dithering. Warm saturated fantasy palette anchored on: grass #49a34a, deep leaf #3f9642, wood #8b5a2b, dark wood #6b4423, stone #8f97ab, cold stone #b7bfd0, water #7cc4ff, pale sky #cfe4ff, gold #ffd166, pale gold #ffe9a8, ember #c98a5c, arcane #c58cff, shadow #2a0c08. Clean readable silhouette that still reads at 1/4 size. Even ambient light from above, no cast shadow on the ground unless asked."
"npc_king_walk2","assets/sprites/npc/king_walk2.png","192x256","60x80","마을 사람","국왕 — 걷기2","A king walk2, one of the townsfolk of a small medieval fantasy town. 3/4 top-down view, full body, standing still and facing the camera, feet at the very bottom edge of the canvas. Subject fully isolated on a pure flat #00FF00 background (nothing else in frame), so the background can be keyed out to transparent. Do not crop any part of the subject. Friendly readable silhouette; the clothing colour is what players recognise them by, so keep one strong signature colour. Flat vector game art, hand-painted storybook look, soft cel shading with two or three tone steps per surface, NO black outlines, NO gradients across the whole image, NO photorealism, NO 3D render, NO pixel art dithering. Warm saturated fantasy palette anchored on: grass #49a34a, deep leaf #3f9642, wood #8b5a2b, dark wood #6b4423, stone #8f97ab, cold stone #b7bfd0, water #7cc4ff, pale sky #cfe4ff, gold #ffd166, pale gold #ffe9a8, ember #c98a5c, arcane #c58cff, shadow #2a0c08. Clean readable silhouette that still reads at 1/4 size. Even ambient light from above, no cast shadow on the ground unless asked."
"npc_alchemist_walk1","assets/sprites/npc/alchemist_walk1.png","192x256","60x80","마을 사람","연금술사 — 걷기1","An alchemist walk1, one of the townsfolk of a small medieval fantasy town. 3/4 top-down view, full body, standing still and facing the camera, feet at the very bottom edge of the canvas. Subject fully isolated on a pure flat #00FF00 background (nothing else in frame), so the background can be keyed out to transparent. Do not crop any part of the subject. Friendly readable silhouette; the clothing colour is what players recognise them by, so keep one strong signature colour. Flat vector game art, hand-painted storybook look, soft cel shading with two or three tone steps per surface, NO black outlines, NO gradients across the whole image, NO photorealism, NO 3D render, NO pixel art dithering. Warm saturated fantasy palette anchored on: grass #49a34a, deep leaf #3f9642, wood #8b5a2b, dark wood #6b4423, stone #8f97ab, cold stone #b7bfd0, water #7cc4ff, pale sky #cfe4ff, gold #ffd166, pale gold #ffe9a8, ember #c98a5c, arcane #c58cff, shadow #2a0c08. Clean readable silhouette that still reads at 1/4 size. Even ambient light from above, no cast shadow on the ground unless asked."
"npc_alchemist_walk2","assets/sprites/npc/alchemist_walk2.png","192x256","60x80","마을 사람","연금술사 — 걷기2","An alchemist walk2, one of the townsfolk of a small medieval fantasy town. 3/4 top-down view, full body, standing still and facing the camera, feet at the very bottom edge of the canvas. Subject fully isolated on a pure flat #00FF00 background (nothing else in frame), so the background can be keyed out to transparent. Do not crop any part of the subject. Friendly readable silhouette; the clothing colour is what players recognise them by, so keep one strong signature colour. Flat vector game art, hand-painted storybook look, soft cel shading with two or three tone steps per surface, NO black outlines, NO gradients across the whole image, NO photorealism, NO 3D render, NO pixel art dithering. Warm saturated fantasy palette anchored on: grass #49a34a, deep leaf #3f9642, wood #8b5a2b, dark wood #6b4423, stone #8f97ab, cold stone #b7bfd0, water #7cc4ff, pale sky #cfe4ff, gold #ffd166, pale gold #ffe9a8, ember #c98a5c, arcane #c58cff, shadow #2a0c08. Clean readable silhouette that still reads at 1/4 size. Even ambient light from above, no cast shadow on the ground unless asked."
"npc_gate_merchant_walk1","assets/sprites/npc/gate_merchant_walk1.png","192x256","60x80","마을 사람","무기상 — 걷기1","A gate merchant walk1, one of the townsfolk of a small medieval fantasy town. 3/4 top-down view, full body, standing still and facing the camera, feet at the very bottom edge of the canvas. Subject fully isolated on a pure flat #00FF00 background (nothing else in frame), so the background can be keyed out to transparent. Do not crop any part of the subject. Friendly readable silhouette; the clothing colour is what players recognise them by, so keep one strong signature colour. Flat vector game art, hand-painted storybook look, soft cel shading with two or three tone steps per surface, NO black outlines, NO gradients across the whole image, NO photorealism, NO 3D render, NO pixel art dithering. Warm saturated fantasy palette anchored on: grass #49a34a, deep leaf #3f9642, wood #8b5a2b, dark wood #6b4423, stone #8f97ab, cold stone #b7bfd0, water #7cc4ff, pale sky #cfe4ff, gold #ffd166, pale gold #ffe9a8, ember #c98a5c, arcane #c58cff, shadow #2a0c08. Clean readable silhouette that still reads at 1/4 size. Even ambient light from above, no cast shadow on the ground unless asked."
"npc_gate_merchant_walk2","assets/sprites/npc/gate_merchant_walk2.png","192x256","60x80","마을 사람","무기상 — 걷기2","A gate merchant walk2, one of the townsfolk of a small medieval fantasy town. 3/4 top-down view, full body, standing still and facing the camera, feet at the very bottom edge of the canvas. Subject fully isolated on a pure flat #00FF00 background (nothing else in frame), so the background can be keyed out to transparent. Do not crop any part of the subject. Friendly readable silhouette; the clothing colour is what players recognise them by, so keep one strong signature colour. Flat vector game art, hand-painted storybook look, soft cel shading with two or three tone steps per surface, NO black outlines, NO gradients across the whole image, NO photorealism, NO 3D render, NO pixel art dithering. Warm saturated fantasy palette anchored on: grass #49a34a, deep leaf #3f9642, wood #8b5a2b, dark wood #6b4423, stone #8f97ab, cold stone #b7bfd0, water #7cc4ff, pale sky #cfe4ff, gold #ffd166, pale gold #ffe9a8, ember #c98a5c, arcane #c58cff, shadow #2a0c08. Clean readable silhouette that still reads at 1/4 size. Even ambient light from above, no cast shadow on the ground unless asked."
"npc_witch_walk1","assets/sprites/npc/witch_walk1.png","192x256","60x80","마을 사람","마녀 — 걷기1","A witch walk1, one of the townsfolk of a small medieval fantasy town. 3/4 top-down view, full body, standing still and facing the camera, feet at the very bottom edge of the canvas. Subject fully isolated on a pure flat #00FF00 background (nothing else in frame), so the background can be keyed out to transparent. Do not crop any part of the subject. Friendly readable silhouette; the clothing colour is what players recognise them by, so keep one strong signature colour. Flat vector game art, hand-painted storybook look, soft cel shading with two or three tone steps per surface, NO black outlines, NO gradients across the whole image, NO photorealism, NO 3D render, NO pixel art dithering. Warm saturated fantasy palette anchored on: grass #49a34a, deep leaf #3f9642, wood #8b5a2b, dark wood #6b4423, stone #8f97ab, cold stone #b7bfd0, water #7cc4ff, pale sky #cfe4ff, gold #ffd166, pale gold #ffe9a8, ember #c98a5c, arcane #c58cff, shadow #2a0c08. Clean readable silhouette that still reads at 1/4 size. Even ambient light from above, no cast shadow on the ground unless asked."
"npc_witch_walk2","assets/sprites/npc/witch_walk2.png","192x256","60x80","마을 사람","마녀 — 걷기2","A witch walk2, one of the townsfolk of a small medieval fantasy town. 3/4 top-down view, full body, standing still and facing the camera, feet at the very bottom edge of the canvas. Subject fully isolated on a pure flat #00FF00 background (nothing else in frame), so the background can be keyed out to transparent. Do not crop any part of the subject. Friendly readable silhouette; the clothing colour is what players recognise them by, so keep one strong signature colour. Flat vector game art, hand-painted storybook look, soft cel shading with two or three tone steps per surface, NO black outlines, NO gradients across the whole image, NO photorealism, NO 3D render, NO pixel art dithering. Warm saturated fantasy palette anchored on: grass #49a34a, deep leaf #3f9642, wood #8b5a2b, dark wood #6b4423, stone #8f97ab, cold stone #b7bfd0, water #7cc4ff, pale sky #cfe4ff, gold #ffd166, pale gold #ffe9a8, ember #c98a5c, arcane #c58cff, shadow #2a0c08. Clean readable silhouette that still reads at 1/4 size. Even ambient light from above, no cast shadow on the ground unless asked."
"npc_royal_smith_walk1","assets/sprites/npc/royal_smith_walk1.png","192x256","60x80","마을 사람","왕실 대장장이 — 걷기1","A royal smith walk1, one of the townsfolk of a small medieval fantasy town. 3/4 top-down view, full body, standing still and facing the camera, feet at the very bottom edge of the canvas. Subject fully isolated on a pure flat #00FF00 background (nothing else in frame), so the background can be keyed out to transparent. Do not crop any part of the subject. Friendly readable silhouette; the clothing colour is what players recognise them by, so keep one strong signature colour. Flat vector game art, hand-painted storybook look, soft cel shading with two or three tone steps per surface, NO black outlines, NO gradients across the whole image, NO photorealism, NO 3D render, NO pixel art dithering. Warm saturated fantasy palette anchored on: grass #49a34a, deep leaf #3f9642, wood #8b5a2b, dark wood #6b4423, stone #8f97ab, cold stone #b7bfd0, water #7cc4ff, pale sky #cfe4ff, gold #ffd166, pale gold #ffe9a8, ember #c98a5c, arcane #c58cff, shadow #2a0c08. Clean readable silhouette that still reads at 1/4 size. Even ambient light from above, no cast shadow on the ground unless asked."
"npc_royal_smith_walk2","assets/sprites/npc/royal_smith_walk2.png","192x256","60x80","마을 사람","왕실 대장장이 — 걷기2","A royal smith walk2, one of the townsfolk of a small medieval fantasy town. 3/4 top-down view, full body, standing still and facing the camera, feet at the very bottom edge of the canvas. Subject fully isolated on a pure flat #00FF00 background (nothing else in frame), so the background can be keyed out to transparent. Do not crop any part of the subject. Friendly readable silhouette; the clothing colour is what players recognise them by, so keep one strong signature colour. Flat vector game art, hand-painted storybook look, soft cel shading with two or three tone steps per surface, NO black outlines, NO gradients across the whole image, NO photorealism, NO 3D render, NO pixel art dithering. Warm saturated fantasy palette anchored on: grass #49a34a, deep leaf #3f9642, wood #8b5a2b, dark wood #6b4423, stone #8f97ab, cold stone #b7bfd0, water #7cc4ff, pale sky #cfe4ff, gold #ffd166, pale gold #ffe9a8, ember #c98a5c, arcane #c58cff, shadow #2a0c08. Clean readable silhouette that still reads at 1/4 size. Even ambient light from above, no cast shadow on the ground unless asked."
"tile_path3","assets/tiles/path3.png","64x64","32x32","바닥 타일(이어 붙음)","길3","A path3. Seamless repeating floor tile, straight top-down view (camera exactly overhead). The image fills the entire canvas edge to edge with no border, no frame, no margin. ⚠ CRITICAL: the tile is laid in a 40x32 grid, so it must tile seamlessly — left edge must continue into the right edge and top into bottom. ABSOLUTELY NO directional light (no brighter-top/darker-bottom), NO vignette, NO border or outline on any edge, NO single big feature in the centre. Keep the base colour perfectly flat and put all variation into small scattered speckles and marks that do not touch the edges. Flat vector game art, hand-painted storybook look, soft cel shading with two or three tone steps per surface, NO black outlines, NO gradients across the whole image, NO photorealism, NO 3D render, NO pixel art dithering. Warm saturated fantasy palette anchored on: grass #49a34a, deep leaf #3f9642, wood #8b5a2b, dark wood #6b4423, stone #8f97ab, cold stone #b7bfd0, water #7cc4ff, pale sky #cfe4ff, gold #ffd166, pale gold #ffe9a8, ember #c98a5c, arcane #c58cff, shadow #2a0c08. Clean readable silhouette that still reads at 1/4 size. Even ambient light from above, no cast shadow on the ground unless asked."
"tile_path4","assets/tiles/path4.png","64x64","32x32","바닥 타일(이어 붙음)","길4","A path4. Seamless repeating floor tile, straight top-down view (camera exactly overhead). The image fills the entire canvas edge to edge with no border, no frame, no margin. ⚠ CRITICAL: the tile is laid in a 40x32 grid, so it must tile seamlessly — left edge must continue into the right edge and top into bottom. ABSOLUTELY NO directional light (no brighter-top/darker-bottom), NO vignette, NO border or outline on any edge, NO single big feature in the centre. Keep the base colour perfectly flat and put all variation into small scattered speckles and marks that do not touch the edges. Flat vector game art, hand-painted storybook look, soft cel shading with two or three tone steps per surface, NO black outlines, NO gradients across the whole image, NO photorealism, NO 3D render, NO pixel art dithering. Warm saturated fantasy palette anchored on: grass #49a34a, deep leaf #3f9642, wood #8b5a2b, dark wood #6b4423, stone #8f97ab, cold stone #b7bfd0, water #7cc4ff, pale sky #cfe4ff, gold #ffd166, pale gold #ffe9a8, ember #c98a5c, arcane #c58cff, shadow #2a0c08. Clean readable silhouette that still reads at 1/4 size. Even ambient light from above, no cast shadow on the ground unless asked."
"tile_waste4","assets/tiles/waste4.png","64x64","32x32","바닥 타일(이어 붙음)","마른 땅4","A waste4. Seamless repeating floor tile, straight top-down view (camera exactly overhead). The image fills the entire canvas edge to edge with no border, no frame, no margin. ⚠ CRITICAL: the tile is laid in a 40x32 grid, so it must tile seamlessly — left edge must continue into the right edge and top into bottom. ABSOLUTELY NO directional light (no brighter-top/darker-bottom), NO vignette, NO border or outline on any edge, NO single big feature in the centre. Keep the base colour perfectly flat and put all variation into small scattered speckles and marks that do not touch the edges. Flat vector game art, hand-painted storybook look, soft cel shading with two or three tone steps per surface, NO black outlines, NO gradients across the whole image, NO photorealism, NO 3D render, NO pixel art dithering. Warm saturated fantasy palette anchored on: grass #49a34a, deep leaf #3f9642, wood #8b5a2b, dark wood #6b4423, stone #8f97ab, cold stone #b7bfd0, water #7cc4ff, pale sky #cfe4ff, gold #ffd166, pale gold #ffe9a8, ember #c98a5c, arcane #c58cff, shadow #2a0c08. Clean readable silhouette that still reads at 1/4 size. Even ambient light from above, no cast shadow on the ground unless asked."
"tile_waste5","assets/tiles/waste5.png","64x64","32x32","바닥 타일(이어 붙음)","마른 땅5","A waste5. Seamless repeating floor tile, straight top-down view (camera exactly overhead). The image fills the entire canvas edge to edge with no border, no frame, no margin. ⚠ CRITICAL: the tile is laid in a 40x32 grid, so it must tile seamlessly — left edge must continue into the right edge and top into bottom. ABSOLUTELY NO directional light (no brighter-top/darker-bottom), NO vignette, NO border or outline on any edge, NO single big feature in the centre. Keep the base colour perfectly flat and put all variation into small scattered speckles and marks that do not touch the edges. Flat vector game art, hand-painted storybook look, soft cel shading with two or three tone steps per surface, NO black outlines, NO gradients across the whole image, NO photorealism, NO 3D render, NO pixel art dithering. Warm saturated fantasy palette anchored on: grass #49a34a, deep leaf #3f9642, wood #8b5a2b, dark wood #6b4423, stone #8f97ab, cold stone #b7bfd0, water #7cc4ff, pale sky #cfe4ff, gold #ffd166, pale gold #ffe9a8, ember #c98a5c, arcane #c58cff, shadow #2a0c08. Clean readable silhouette that still reads at 1/4 size. Even ambient light from above, no cast shadow on the ground unless asked."
"tile_ash2","assets/tiles/ash2.png","64x64","32x32","바닥 타일(이어 붙음)","잿더미2","An ash2. Seamless repeating floor tile, straight top-down view (camera exactly overhead). The image fills the entire canvas edge to edge with no border, no frame, no margin. ⚠ CRITICAL: the tile is laid in a 40x32 grid, so it must tile seamlessly — left edge must continue into the right edge and top into bottom. ABSOLUTELY NO directional light (no brighter-top/darker-bottom), NO vignette, NO border or outline on any edge, NO single big feature in the centre. Keep the base colour perfectly flat and put all variation into small scattered speckles and marks that do not touch the edges. Flat vector game art, hand-painted storybook look, soft cel shading with two or three tone steps per surface, NO black outlines, NO gradients across the whole image, NO photorealism, NO 3D render, NO pixel art dithering. Warm saturated fantasy palette anchored on: grass #49a34a, deep leaf #3f9642, wood #8b5a2b, dark wood #6b4423, stone #8f97ab, cold stone #b7bfd0, water #7cc4ff, pale sky #cfe4ff, gold #ffd166, pale gold #ffe9a8, ember #c98a5c, arcane #c58cff, shadow #2a0c08. Clean readable silhouette that still reads at 1/4 size. Even ambient light from above, no cast shadow on the ground unless asked."
"tile_ash3","assets/tiles/ash3.png","64x64","32x32","바닥 타일(이어 붙음)","잿더미3","An ash3. Seamless repeating floor tile, straight top-down view (camera exactly overhead). The image fills the entire canvas edge to edge with no border, no frame, no margin. ⚠ CRITICAL: the tile is laid in a 40x32 grid, so it must tile seamlessly — left edge must continue into the right edge and top into bottom. ABSOLUTELY NO directional light (no brighter-top/darker-bottom), NO vignette, NO border or outline on any edge, NO single big feature in the centre. Keep the base colour perfectly flat and put all variation into small scattered speckles and marks that do not touch the edges. Flat vector game art, hand-painted storybook look, soft cel shading with two or three tone steps per surface, NO black outlines, NO gradients across the whole image, NO photorealism, NO 3D render, NO pixel art dithering. Warm saturated fantasy palette anchored on: grass #49a34a, deep leaf #3f9642, wood #8b5a2b, dark wood #6b4423, stone #8f97ab, cold stone #b7bfd0, water #7cc4ff, pale sky #cfe4ff, gold #ffd166, pale gold #ffe9a8, ember #c98a5c, arcane #c58cff, shadow #2a0c08. Clean readable silhouette that still reads at 1/4 size. Even ambient light from above, no cast shadow on the ground unless asked."
